-1525,1
3065,1
2412,0
953,1
4788,0
-556,0
-4218,0
3128,0
914,0
-101,1
62,0
1148,0
-4945,1
-4899,1
2938,0
350,0
1929,1
4914,0
3651,1
-240,0
270,0
3735,1
2711,1
2274,0
-3467,1
1189,1
2564,0
-2012,0
-2374,0
102,0
-1358,0
2035,1
303,1
-84,0
-1657,1
3651,1
2079,1
1515,1
572,0
3437,1
-4824,0
3214,0
-3141,1
3543,1
1017,1
2060,0
-4536,0
-1041,1
-3997,1
-609,1
-4624,0
1139,1
688,0
-831,1
4375,1
1691,1
2428,0
-1561,1
4644,0
-3522,0
-2960,0
-936,0
4900,0
-3884,0
-2304,0
2402,0
4728,0
90,0
-1860,0
-275,1
4921,1
-4241,1
-1004,0
4060,0
2921,1
-2925,1
-4724,0
-4585,1
-2087,1
-227,1
-2176,0
-309,1
1193,1
3637,1
2044,0
-563,1
2228,0
-3131,1
4450,0
-893,1
2752,0
-4299,1
-4663,1
-872,0
1558,0
-1806,0
477,1
1365,1
3835,1
3114,0
4386,0
-3288,0
-2892,0
1553,1
-1828,0
-2796,0
-1678,0
-4377,1
1127,1
-3849,1
179,1
4772,0
2203,1
4169,1
-2626,0
4696,0
4933,1
4167,1
846,0
2625,1
737,1
3455,1
-4232,0
-2679,1
-330,0
-2881,1
-2111,1
3507,1
-1302,0
-332,0
2190,0
-1249,1
3998,0
754,0
-105,1
-2304,0
-4016,0
4018,0
-4704,0
-1306,0
-547,1
-349,1
-337,1
1391,1
4361,1
-1163,1
3434,0
3164,0
4241,1
2810,0
-2168,0
-1616,0
-3962,0
1499,1
4664,0
3865,1
-3963,1
-4166,0
3886,0
91,1
4466,0
-425,1
3392,0
4974,0
4865,1
137,1
-4449,1
-1255,1
-4234,0
2469,1
1594,0
-1631,1
-271,1
934,0
3651,1
-1317,1
4334,0
1817,1
-256,0
-4392,0
-1283,1
456,0
3859,1
3150,0
-1674,0
-3752,0
-3470,0
2268,0
1194,0
41,1
1346,0
1749,1
-4327,1
2545,1
73,1
4620,0
1651,1
2361,1
-4062,0
4924,0
1245,1
-1434,0
4652,0
-1,1
1568,0
3531,1
4683,1
4177,1
-1756,0
-2883,1
-4137,1
500,0
-3652,0
-623,1
-4763,1
1178,0
3036,0
4398,0
4129,1
4564,0
3729,1
-316,0
-2480,0
-3953,1
2971,1
-1380,0
825,1
-2133,1
-4080,0
4624,0
-4721,1
3370,0
2880,0
4751,1
-2284,0
2735,1
1578,0
-4783,1
-3873,1
3397,1
1384,0
3132,0
3182,0
-291,1
-2698,0
114,0
-4254,0
148,0
-530,0
2897,1
2872,0
-3188,0
-1314,0
2971,1
-1943,1
320,0
3732,0
2984,0
3984,0
-3758,0
2752,0
198,0
-319,1
-2238,0
-2558,0
629,1
-1017,1
469,1
-1096,0
2140,0
-1518,0
1453,1
-1186,0
4204,0
-1542,0
-459,1
3516,0
1708,0
-3090,0
-1907,1
2588,0
-384,0
3727,1
-4623,1
-846,0
4005,1
796,0
4324,0
2454,0
3680,0
2894,0
511,1
4992,0
870,0
-523,1
-3111,1
185,1
-1965,1
-471,1
-4276,0
4473,1
-71,1
-4126,0
266,0
1395,1
-1783,1
4493,1
-3770,0
-1132,0
-4091,1
-2403,1
2808,0
4059,1
4915,1
-1405,1
427,1
-175,1
3173,1
3104,0
-1340,0
-2896,0
4344,0
-2057,1
2769,1
-3532,0
-4671,1
1576,0
3171,1
2059,1
4571,1
4676,0
2937,1
984,0
-4657,1
1405,1
1484,0
1687,1
-1608,0
4481,1
-2527,1
837,1
2444,0
-4598,0
3082,0
3302,0
-4804,0
581,1
980,0
3533,1
-3755,1
215,1
-983,1
1216,0
-2655,1
-2438,0
-676,0
-4361,1
-4878,0
-2732,0
-3625,1
1182,0
-459,1
4429,1
-3492,0
3399,1
-4040,0
3179,1
2910,0
-1654,0
-1290,0
-4830,0
3742,0
3305,1
3553,1
-1099,1
-2258,0
-2819,1
-2812,0
-3232,0
-307,1
-191,1
-3067,1
3798,0
4604,0
1657,1
2397,1
3431,1
4410,0
3652,0
169,1
4986,0
3044,0
337,1
-4509,1
4272,0
1655,1
-1410,0
-4108,0
2778,0
-1777,1
3889,1
3752,0
-3613,1
2477,1
2361,1
2747,1
-3831,1
348,0
-3635,1
-859,1
-670,0
4688,0
130,0
3314,0
1040,0
-3803,1
-3751,1
484,0
-834,0
-3935,1
-4580,0
-528,0
-228,0
-4406,0
4253,1
2223,1
1117,1
-3707,1
569,1
1828,0
-1557,1
-4898,0
-17,1
-3886,0
-990,0
-595,1
-1808,0
-2747,1
1237,1
-1086,0
-1981,1
1452,0
269,1
-1433,1
2157,1
-2146,0
985,1
1236,0
3468,0
-3743,1
1803,1
-2701,1
-2804,0
2652,0
2396,0
3864,0
-4933,1
-3593,1
4194,0
300,0
1710,0
4224,0
-2947,1
-169,1
-1343,1
1274,0
2468,0
-844,0
4329,1
-4363,1
2042,0
-3647,1
-2603,1
3597,1
-3734,0
1591,1
1091,1
-716,0
-4637,1
-2599,1
13,1
1584,0
-3323,1
4160,0
124,0
4584,0
-359,1
1798,0
-4665,1
-407,1
-3331,1
-749,1
3461,1
-3625,1
713,1
4341,1
284,0
-4610,0
4400,0
1727,1
4865,1
4926,0
2294,0
3255,1
-525,1
-1077,1
-980,0
-3986,0
-1138,0
3225,1
-75,1
-630,0
-1011,1
-4958,0
4054,0
859,1
3885,1
754,0
2510,0
4999,1
-3683,1
-4247,1
-1008,0
-1508,0
4361,1
4322,0
3189,1
-642,0
-978,0
2417,1
-4263,1
4080,0
1190,0
3528,0
355,1
-2512,0
2417,1
2678,0
3742,0
-3402,0
-2737,1
-48,0
-2648,0
139,1
-1776,0
-4129,1
-4589,1
2870,0
4233,1
-4366,0
1507,1
-175,1
4971,1
-4277,1
1583,1
-4789,1
-918,0
2798,0
1551,1
-4600,0
-3771,1
793,1
-4787,1
98,0
3584,0
-2395,1
3743,1
-691,1
3945,1
1309,1
1762,0
2606,0
3219,1
-2065,1
-3830,0
-4365,1
3065,1
811,1
2952,0
1240,0
-209,1
-1368,0
-3570,0
-3722,0
2541,1
-967,1
3369,1
4165,1
-1072,0
-4571,1
4263,1
4192,0
-2226,0
2689,1
1978,0
-3393,1
-2182,0
4562,0
997,1
2538,0
4684,0
141,1
-4533,1
1131,1
-669,1
-347,1
179,1
3913,1
4696,0
-2618,0
-3837,1
4481,1
1858,0
4967,1
-359,1
325,1
-2271,1
-172,0
1376,0
-2683,1
-4878,0
3950,0
75,1
4991,1
-246,0
1884,0
-289,1
-336,0
-2364,0
365,1
3773,1
4263,1
-3096,0
2771,1
-1242,0
2732,0
2717,1
2876,0
-2151,1
1205,1
-3966,0
3889,1
-3554,0
-3172,0
-4620,0
-1346,0
1819,1
-4641,1
1366,0
-844,0
-4014,0
-3760,0
-2138,0
-2076,0
84,0
-105,1
-400,0
-1421,1
2490,0
1154,0
-4786,0
-510,0
-2224,0
2305,1
3125,1
-503,1
-3557,1
-2848,0
-3868,0
-1141,1
3343,1
3061,1
1714,0
-1357,1
799,1
-330,0
-339,1
2040,0
-4084,0
-3611,1
3672,0
-135,1
-493,1
3505,1
1070,0
3620,0
1185,1
2257,1
793,1
-4596,0
-3913,1
3783,1
518,0
2799,1
952,0
1522,0
-1838,0
-527,1
-3560,0
-1583,1
2450,0
3266,0
-3823,1
-47,1
-3187,1
3382,0
-3384,0
-4720,0
3572,0
-2378,0
2465,1
1104,0
3800,0
480,0
4584,0
-4114,0
3497,1
-745,1
1865,1
3470,0
-626,0
2349,1
782,0
-4928,0
-813,1
3250,0
-585,1
2463,1
3537,1
-3336,0
-3749,1
-2749,1
-3648,0
-4959,1
1338,0
2038,0
-4844,0
-3077,1
3975,1
-2413,1
4558,0
4196,0
-661,1
-4738,0
4893,1
-3121,1
-4966,0
2837,1
4464,0
615,1
-940,0
4793,1
-1930,0
-1077,1
1297,1
1628,0
3741,1
4615,1
1783,1
4742,0
3394,0
-747,1
4864,0
4021,1
29,1
-4552,0
-4387,1
-232,0
1556,0
1925,1
1077,1
-998,0
-909,1
2937,1
-4527,1
506,0
541,1
-1139,1
1713,1
933,1
-2032,0
2955,1
4689,1
-237,1
4224,0
-510,0
-1704,0
2404,0
-2591,1
4044,0
-1227,1
-356,0
3215,1
243,1
2376,0
-2066,0
-3459,1
-1705,1
-4659,1
-2930,0
4818,0
-4479,1
-517,1
-2699,1
-172,0
251,1
-1776,0
3562,0
2701,1
4934,0
-1411,1
-2583,1
2352,0
799,1
-778,0
-1162,0
-3221,1
2876,0
3464,0
3635,1
4931,1
-1298,0
220,0
-3738,0
-2104,0
1263,1
-3447,1
4635,1
927,1
523,1
4333,1
4067,1
-1976,0
29,1
1357,1
3753,1
-323,1
-4540,0
116,0
4763,1
-2704,0
3548,0
2991,1
-2264,0
3297,1
4834,0
4028,0
903,1
4151,1
-2871,1
1907,1
-1028,0
3405,1
-3249,1
4215,1
881,1
-2448,0
-1196,0
2787,1
137,1
-3122,0
-25,1
-2934,0
2825,1
-3947,1
-2308,0
1218,0
4933,1
-2733,1
4965,1
1772,0
-4867,1
-3362,0
694,0
-4207,1
3809,1
1086,0
-3100,0
1170,0
-1456,0
2113,1
2911,1
-2311,1
61,1
-3699,1
2715,1
1134,0
-2596,0
-1790,0
-2107,1
-94,0
-4729,1
2278,0
4631,1
-2909,1
918,0
1213,1
1524,0
-141,1
3672,0
4333,1
-3910,0
2516,0
1639,1
3614,0
3352,0
4678,0
3005,1
-3477,1
-2307,1
-1755,1
-802,0
-4123,1
2806,0
-4000,0
-4647,1
-3505,1
639,1
3445,1
147,1
-201,1
-2187,1
2250,0
3852,0
4233,1
-653,1
-2606,0
-1740,0
235,1
-4017,1
-4430,0
-4791,1
134,0
-2243,1
-1741,1
2707,1
3007,1
-4728,0
-2115,1
3385,1
4041,1
4804,0
1348,0
-4789,1
4895,1
-3109,1
-608,0
-4908,0
-310,0
3571,1
1044,0
-4062,0
3756,0
-1218,0
-4219,1
1725,1
2119,1
1331,1
1550,0
1766,0
582,0
2722,0
-1609,1
-4481,1
1823,1
-2248,0
2594,0
1661,1
-688,0
-3735,1
2792,0
3107,1
3935,1
2330,0
2198,0
2789,1
-3480,0
4398,0
1901,1
3294,0
-4189,1
-2200,0
-3387,1
2987,1
-4128,0
3883,1
-1615,1
3680,0
4999,1
1042,0
3010,0
-525,1
-2916,0
2808,0
4759,1
4689,1
-3000,0
2553,1
2227,1
3544,0
555,1
4976,0
2098,0
3416,0
-2984,0
-4647,1
-4238,0
4933,1
-3365,1
-3455,1
1067,1
2073,1
3101,1
-4676,0
-3288,0
-2452,0
-4457,1
3750,0
-4241,1
-2417,1
-805,1
-4800,0
2367,1
-2286,0
-4350,0
4416,0
533,1
4797,1
141,1
-3690,0
-793,1
523,1
3693,1
656,0
-4311,1
4162,0
1203,1
-4370,0
4994,0
1438,0
-3766,0
-534,0
-80,0
-184,0
2717,1
1353,1
-1504,0
4343,1
2824,0
3872,0
-1399,1
2722,0
-534,0
3652,0
1770,0
-518,0
1201,1
-1737,1
2154,0
-2866,0
2655,1
-1759,1
-3280,0
-3290,0
-312,0
721,1
-4623,1
1675,1
2210,0
-1192,0
-3046,0
-2813,1
4120,0
3458,0
-1608,0
-3180,0
4102,0
-1652,0
-2979,1
-1909,1
-3723,1
-4617,1
388,0
2852,0
-3623,1
-1128,0
1149,1
514,0
-3551,1
-817,1
-3086,0
911,1
2978,0
4788,0
-4624,0
-3583,1
2528,0
1917,1
-484,0
1611,1
-4342,0
3270,0
2006,0
-1379,1
-3911,1
-4588,0
-3160,0
-4814,0
-879,1
-4279,1
2386,0
-1876,0
4056,0
-3554,0
3666,0
2417,1
-4586,0
-2952,0
-3723,1
907,1
485,1
-2499,1
2945,1
-1962,0
-1923,1
4577,1
1615,1
-417,1
2334,0
4563,1
-1571,1
4198,0
-667,1
-4357,1
-4929,1
-1606,0
4470,0
-1891,1
-3342,0
3072,0
-507,1
1866,0
1998,0
-135,1
-2311,1
-2944,0
3973,1
-4615,1
4827,1
-4368,0
-2669,1
-3024,0
4417,1
3462,0
-1003,1
2285,1
-4980,0
4868,0
2929,1
2644,0
-4832,0
-2926,0
-4498,0
1945,1
345,1
-4147,1
-972,0
-3161,1
-1774,0
-1851,1
4835,1
-2173,1
1636,0
-1413,1
-3875,1
-1156,0
-4455,1
-1702,0
-1173,1
4356,0
-598,0
4221,1
-693,1
1261,1
-2588,0
3248,0
1878,0
485,1
-3593,1
3790,0
3595,1
-1948,0
1084,0
-4181,1
-2245,1
-1923,1
-3135,1
-2066,0
2772,0
1919,1
-273,1
4188,0
-529,1
-425,1
4476,0
984,0
1229,1
2534,0
-1877,1
3344,0
4090,0
89,1
-3914,0
-4318,0
-2286,0
-1232,0
-3749,1
3092,0
3587,1
-1945,1
921,1
3864,0
-2939,1
-1646,0
-3374,0
857,1
3659,1
3115,1
4353,1
-2700,0
2420,0
-700,0
-690,0
4147,1
-1180,0
4745,1
3956,0
1788,0
-1704,0
2588,0
4893,1
3716,0
4492,0
-3206,0
3237,1
-4817,1
-4803,1
1874,0
4515,1
828,0
1613,1
1409,1
2502,0
-1166,0
-3638,0
-259,1
3373,1
4779,1
1501,1
-1888,0
4368,0
3339,1
-3611,1
-683,1
-2131,1
286,0
3654,0
2299,1
904,0
-4098,0
4182,0
1204,0
2242,0
-4365,1
4336,0
-2507,1
-4578,0
-1354,0
2403,1
1021,1
3528,0
-141,1
-3075,1
-3424,0
4042,0
-2508,0
-2083,1
-2846,0
2053,1
272,0
3442,0
3830,0
-3251,1
-2086,0
1308,0
3134,0
-50,0
2317,1
715,1
-2452,0
1737,1
-613,1
-3881,1
-1663,1
1537,1
-383,1
4477,1
-1033,1
-4353,1
3057,1
899,1
-1480,0
2851,1
4462,0
4230,0
-2755,1
3362,0
-717,1
2062,0
-813,1
2693,1
-335,1
-2404,0
114,0
-2134,0
-3162,0
109,1
2608,0
-3198,0
2351,1
-2895,1
905,1
4607,1
607,1
3433,1
845,1
-1013,1
3443,1
1172,0
-3747,1
-1566,0
-3787,1
3170,0
-2393,1
4288,0
2009,1
-3715,1
3972,0
-4746,0
-4355,1
2176,0
3343,1
-2019,1
621,1
-4690,0
-794,0
-232,0
3903,1
-4895,1
-2059,1
1917,1
2050,0
1503,1
2243,1
1748,0
-1752,0
4029,1
2394,0
-2590,0
4102,0
-1979,1
2104,0
-2956,0
3129,1
-2922,0
2158,0
-2587,1
-2868,0
141,1
-4718,0
4165,1
2314,0
-3246,0
324,0
2456,0
-1731,1
3062,0
2561,1
261,1
-3151,1
1933,1
2945,1
-1048,0
513,1
-2924,0
-1,1
3026,0
1027,1
4613,1
-3891,1
-1234,0
-3745,1
4856,0
1483,1
3615,1
1943,1
-2996,0
-272,0
-121,1
-368,0
-4280,0
-2951,1
1763,1
-112,0
1972,0
572,0
1725,1
2576,0
3496,0
3858,0
-3047,1
4671,1
-3721,1
3763,1
-3200,0
-3285,1
1237,1
4224,0
539,1
-2506,0
2595,1
383,1
-2351,1
-4545,1
-4923,1
-3236,0
-1110,0
-1910,0
877,1
3997,1
-2799,1
-3593,1
2302,0
-1337,1
-1987,1
2881,1
-1682,0
-1798,0
391,1
1012,0
-1187,1
599,1
2732,0
-2460,0
-1427,1
-1942,0
1518,0
-3725,1
-2916,0
3256,0
-4277,1
3321,1
3569,1
3544,0
2930,0
1563,1
-4934,0
-1581,1
834,0
-4694,0
3527,1
-4255,1
3490,0
-2534,0
-3999,1
2147,1
-1266,0
1505,1
-278,0
581,1
2439,1
-2946,0
-2915,1
-1940,0
607,1
3223,1
4056,0
-1483,1
-261,1
3203,1
1946,0
-3840,0
-2372,0
-3708,0
3888,0
-2121,1
-3724,0
-4696,0
2508,0
314,0
-1315,1
-1406,0
-4199,1
-998,0
3202,0
4351,1
-3981,1
3054,0
2761,1
-4169,1
-4266,0
4469,1
1480,0
-1749,1
4810,0
4206,0
-2617,1
-4665,1
2064,0
-1045,1
-4910,0
2142,0
-4166,0
-105,1
3019,1
726,0
-2350,0
-4949,1
-4641,1
515,1
389,1
-38,0
4725,1
128,0
-1296,0
1853,1
-1195,1
-1403,1
-2009,1
-1795,1
-1868,0
-974,0
510,0
2789,1
175,1
2261,1
-2606,0
-3712,0
2365,1
-274,0
3287,1
2931,1
-1381,1
-4075,1
-4782,0
2313,1
786,0
-231,1
-1147,1
-1308,0
-675,1
405,1
-2986,0
3242,0
-3745,1
-2238,0
4496,0
1590,0
675,1
1266,0
564,0
4329,1
-3207,1
-4080,0
1957,1
764,0
-1995,1
-1921,1
-1926,0
-4689,1
-2880,0
4651,1
-4521,1
-3115,1
-934,0
869,1
-3373,1
-4964,0
-4965,1
3739,1
2429,1
4203,1
-210,0
2066,0
1047,1
3648,0
-2274,0
4169,1
-3860,0
-2785,1
3008,0
-3807,1
-758,0
-3943,1
-973,1
-4958,0
4122,0
3177,1
-3945,1
610,0
-3030,0
-570,0
-1461,1
-4230,0
-38,0
-1128,0
-4106,0
484,0
322,0
2687,1
-3110,0
-870,0
3483,1
-4387,1
-4108,0
2921,1
-2488,0
3886,0
1909,1
975,1
4781,1
1081,1
-2385,1
1805,1
2138,0
-1981,1
3226,0
-351,1
-626,0
1135,1
-3041,1
-1611,1
3145,1
-1696,0
-1220,0
-1868,0
4682,0
-894,0
-2356,0
-2346,0
-2354,0
-3307,1
-2842,0
-3748,0
2658,0
245,1
-4275,1
-3118,0
-924,0
80,0
1582,0
-1080,0
1264,0
229,1
2693,1
-3479,1
-121,1
-3273,1
-3009,1
2801,1
1336,0
-3583,1
-1838,0
1204,0
2897,1
-3381,1
1275,1
-1958,0
-2769,1
2939,1
-1941,1
2664,0
1362,0
-2410,0
-2714,0
1052,0
-2341,1
-2693,1
-4370,0
2239,1
-2333,1
1849,1
1222,0
-4558,0
1584,0
-2336,0
-4197,1
-3932,0
-2618,0
-2070,0
4456,0
-3675,1
-1152,0
-2783,1
-4415,1
2661,1
517,1
-4626,0
94,0
3589,1
-2864,0
3625,1
-1353,1
-3030,0
-2774,0
3172,0
3831,1
-1756,0
-4154,0
4466,0
-3962,0
2309,1
4131,1
-680,0
332,0
3387,1
-360,0
310,0
2179,1
-2578,0
-1293,1
-4631,1
-942,0
-2863,1
-2978,0
306,0
35,1
-1191,1
-2380,0
1625,1
-4986,0
4455,1
2231,1
524,0
1250,0
4454,0
-268,0
-393,1
-4074,0
-1334,0
-4694,0
241,1
2872,0
-2477,1
1748,0
2367,1
3876,0
-4323,1
605,1
4605,1
388,0
-3415,1
-3305,1
-4526,0
449,1
-2066,0
-982,0
-2059,1
-4975,1
2352,0
1587,1
-934,0
4337,1
-166,0
3642,0
1973,1
-3766,0
-2748,0
-3692,0
-253,1
-268,0
957,1
-4133,1
278,0
339,1
894,0
-488,0
661,1
137,1
-2841,1
358,0
-3465,1
3147,1
-2821,1
-2797,1
-2836,0
-3876,0
2554,0
-3626,0
-3297,1
3066,0
696,0
-3180,0
-2676,0
-225,1
-3529,1
-4533,1
-106,0
-1280,0
-317,1
4853,1
-2621,1
-4603,1
-984,0
2591,1
-539,1
-4936,0
-3393,1
1418,0
2762,0
-3371,1
-3948,0
3577,1
-2995,1
2669,1
4555,1
-1226,0
-372,0
4065,1
-4852,0
132,0
1836,0
-4355,1
-1700,0
-4450,0
4632,0
949,1
1097,1
-857,1
4437,1
1501,1
717,1
-3810,0
-4583,1
4114,0
-2449,1
-244,0
2150,0
2562,0
229,1
2816,0
-4694,0
41,1
3963,1
-1872,0
1960,0
611,1
-45,1
-2866,0
948,0
-2886,0
-3102,0
-1703,1
3286,0
4276,0
4417,1
3068,0
-423,1
-383,1
-3770,0
785,1
3243,1
-2470,0
-92,0
-4671,1
2031,1
-2115,1
-110,0
882,0
-4767,1
-3404,0
-2041,1
-2716,0
-3163,1
-1568,0
-1186,0
-1306,0
-592,0
-4171,1
-1487,1
-4028,0
2648,0
963,1
-415,1
-425,1
2837,1
-4445,1
3542,0
1424,0
2254,0
-2356,0
-4852,0
204,0
-3172,0
-2832,0
34,0
-2691,1
-273,1
1537,1
-3726,0
3592,0
-486,0
-2808,0
-817,1
2125,1
75,1
2605,1
1741,1
4306,0
3615,1
-424,0
-766,0
-116,0
4280,0
-4115,1
90,0
2314,0
252,0
2628,0
-2528,0
3108,0
-3461,1
2000,0
896,0
2837,1
-539,1
-163,1
3084,0
4731,1
740,0
3317,1
3925,1
2833,1
4032,0
-921,1
2988,0
-3581,1
-3131,1
4735,1
-3330,0
-4323,1
1423,1
-1553,1
-2782,0
3700,0
2505,1
1733,1
-3637,1
-2632,0
-2126,0
-822,0
3975,1
-1423,1
120,0
-4070,0
1831,1
-4337,1
-430,0
-802,0
4036,0
2093,1
-3429,1
-1789,1
897,1
4478,0
2320,0
4243,1
3431,1
-3829,1
600,0
4958,0
-1750,0
-4756,0
-1626,0
1796,0
2416,0
-1100,0
-376,0
-1148,0
1929,1
4554,0
-4081,1
1430,0
-3410,0
-4933,1
-4138,0
3452,0
-2112,0
-1543,1
-3357,1
-4047,1
345,1
78,0
-3636,0
675,1
3264,0
-417,1
4777,1
-4305,1
4403,1
-4954,0
-2013,1
-99,1
3230,0
-3245,1
3439,1
216,0
-2689,1
1765,1
4559,1
-4218,0
3625,1
452,0
665,1
-4927,1
2911,1
-3893,1
-2418,0
-1691,1
4182,0
-2975,1
-900,0
1292,0
-1686,0
350,0
-4219,1
-208,0
-2276,0
-3949,1
4307,1
-1774,0
-2659,1
-3288,0
4655,1
-3380,0
-3905,1
-3612,0
-523,1
-2586,0
4897,1
2473,1
-2542,0
2348,0
26,0
-2243,1
-1069,1
4247,1
-3025,1
1266,0
-488,0
-1379,1
86,0
-1917,1
-813,1
2809,1
3702,0
3130,0
-2451,1
-2524,0
1843,1
3166,0
-4836,0
3777,1
-3620,0
789,1
-3116,0
50,0
3432,0
2972,0
-4139,1
-3992,0
-4749,1
-4475,1
2806,0
3927,1
-1919,1
3028,0
-2455,1
-3060,0
81,1
4044,0
3773,1
1883,1
-1722,0
-3880,0
-3125,1
160,0
-4123,1
-3996,0
-890,0
-3043,1
2459,1
-3151,1
1968,0
4802,0
-3086,0
-3383,1
938,0
-1276,0
-3781,1
19,1
2938,0
-1863,1
-453,1
1192,0
-4190,0
4970,0
3344,0
-3169,1
-333,1
3909,1
-3895,1
4189,1
-4711,1
-4604,0
-4492,0
-3949,1
4872,0
-4344,0
3834,0
-1634,0
3195,1
-112,0
4820,0
-2873,1
-2070,0
-184,0
2972,0
4435,1
1,1
-1596,0
-2727,1
-4794,0
2422,0
-3147,1
2131,1
-916,0
-2957,1
-2589,1
2949,1
-3717,1
417,1
-3177,1
466,0
431,1
-3215,1
-239,1
-3862,0
1549,1
-343,1
825,1
3877,1
-4265,1
-748,0
-4285,1
-780,0
-3076,0
-3060,0
-2543,1
4016,0
-4550,0
1800,0
4230,0
-2560,0
406,0
-1102,0
1277,1
-352,0
4000,0
1500,0
3722,0
-3386,0
-2108,0
-894,0
1369,1
4005,1
-4057,1
-2015,1
2511,1
3420,0
1416,0
-1350,0
-2202,0
3962,0
-3291,1
1934,0
2127,1
-20,0
-1900,0
4111,1
4161,1
-1182,0
1789,1
4894,0
-2470,0
1594,0
-4461,1
4263,1
-4147,1
1126,0
-4327,1
978,0
4607,1
3212,0
4873,1
-4110,0
612,0
-274,0
-575,1
-291,1
513,1
2559,1
2847,1
-4831,1
721,1
-2570,0
3008,0
-4085,1
3119,1
597,1
768,0
-2413,1
3780,0
-4411,1
-3366,0
-647,1
-2046,0
353,1
-1702,0
-4855,1
-3572,0
-4625,1
-3364,0
-4325,1
1722,0
-3474,0
2457,1
1108,0
555,1
1316,0
-3138,0
-1533,1
132,0
3322,0
3802,0
3146,0
1689,1
2475,1
-67,1
-22,0
-3607,1
-1469,1
-3709,1
1815,1
411,1
4283,1
-4539,1
2903,1
4687,1
-3054,0
1889,1
-2814,0
-3982,0
-4205,1
4719,1
-3088,0
2079,1
4168,0
-912,0
4879,1
-406,0
-401,1
1948,0
3874,0
-3911,1
-2913,1
2302,0
-390,0
2049,1
3748,0
4841,1
-3436,0
-1431,1
-4223,1
2858,0
-2012,0
2810,0
3832,0
-3648,0
2353,1
-4975,1
3963,1
3081,1
3096,0
4600,0
3161,1
1956,0
-3168,0
1296,0
1413,1
-4014,0
1838,0
4012,0
-4778,0
1218,0
4776,0
2206,0
3385,1
3366,0
2245,1
2725,1
-3675,1
-2158,0
-3647,1
-3332,0
-2198,0
-2020,0
2738,0
-3408,0
2727,1
-4324,0
2718,0
1119,1
3771,1
-1120,0
2018,0
1092,0
-1506,0
-4895,1
-3095,1
1221,1
2599,1
1588,0
-411,1
-1927,1
1303,1
1107,1
-2820,0
3335,1
1434,0
-1784,0
172,0
-3495,1
-1909,1
-4838,0
4884,0
-3401,1
3310,0
3075,1
-2783,1
-4219,1
-3706,0
3535,1
-2480,0
13,1
3868,0
-1651,1
122,0
-993,1
-2342,0
1255,1
-318,0
-3586,0
4276,0
4194,0
-3528,0
-2012,0
-569,1
-2805,1
-2353,1
4936,0
-4407,1
-1952,0
2427,1
2340,0
-3198,0
1655,1
-1764,0
4509,1
-2317,1
110,0
1606,0
4883,1
3833,1
-3348,0
-4823,1
3674,0
-476,0
1594,0
3603,1
1639,1
4091,1
4090,0
3630,0
4285,1
3410,0
-582,0
4393,1
-4435,1
-1838,0
-1571,1
4417,1
-3051,1
3646,0
1235,1
2158,0
-4070,0
-3356,0
-4558,0
4170,0
-619,1
-3380,0
-3507,1
-288,0
-2437,1
-2255,1
4702,0
1962,0
3014,0
1997,1
2636,0
-2915,1
-4227,1
-3871,1
2427,1
-3041,1
2485,1
-4283,1
-3093,1
-790,0
-3412,0
-1747,1
1645,1
-4148,0
2858,0
-3994,0
2241,1
39,1
-4629,1
-3838,0
-4857,1
992,0
-4971,1
2705,1
-468,0
-3760,0
-731,1
-1464,0
1202,0
4567,1
-1365,1
-2195,1
3201,1
-2169,1
-2061,1
417,1
-1928,0
-443,1
-3140,0
-2541,1
2024,0
2941,1
-3957,1
-2094,0
1635,1
-3164,0
2035,1
-108,0
871,1
4561,1
4358,0
-3938,0
1439,1
2470,0
-4687,1
-3623,1
3448,0
-3666,0
1687,1
-4157,1
3529,1
-722,0
-4349,1
1525,1
-1585,1
4933,1
2582,0
-2049,1
2318,0
-2777,1
1903,1
-1886,0
674,0
-3217,1
-172,0
-2166,0
4502,0
-4614,0
-3113,1
-4233,1
2729,1
-599,1
-68,0
277,1
-454,0
-4107,1
195,1
-1272,0
-4958,0
888,0
4341,1
-454,0
674,0
-4423,1
3078,0
3815,1
812,0
-117,1
4784,0
-3774,0
-1038,0
-352,0
-4862,0
1467,1
308,0
3835,1
-645,1
-2528,0
-47,1
988,0
2159,1
-3832,0
-1987,1
-1270,0
2170,0
1993,1
1474,0
4731,1
3645,1
786,0
810,0
3916,0
-247,1
1538,0
1338,0
651,1
-4758,0
1429,1
-4153,1
-4905,1
-3724,0
1945,1
-2012,0
-902,0
-2026,0
153,1
-4491,1
1914,0
2001,1
1631,1
1872,0
-1793,1
-313,1
2426,0
-802,0
2693,1
2263,1
-3754,0
1004,0
-4261,1
2360,0
1992,0
-4116,0
4177,1
1295,1
-2689,1
3936,0
1728,0
-4143,1
-936,0
4882,0
-1647,1
1073,1
-3066,0
744,0
-1829,1
3412,0
-3444,0
-646,0
-1032,0
1696,0
-2538,0
-3836,0
4473,1
1018,0
3116,0
884,0
-2761,1
-4200,0
-3033,1
-4416,0
-2072,0
1251,1
-332,0
2228,0
4662,0
4680,0
-4371,1
3371,1
-719,1
-2262,0
4374,0
-3797,1
-2737,1
-2589,1
3333,1
632,0
3827,1
3419,1
-1928,0
-3783,1
907,1
-1912,0
-3213,1
-2047,1
-3668,0
3484,0
-1564,0
-2890,0
-4845,1
-3550,0
-2390,0
3882,0
-4908,0
2804,0
-2270,0
1246,0
-658,0
-3422,0
2104,0
-4819,1
-111,1
4375,1
3914,0
-2151,1
787,1
3370,0
1560,0
2191,1
-4389,1
-2937,1
-953,1
-1281,1
-661,1
-1119,1
-37,1
-4761,1
-3808,0
-1887,1
4984,0
3827,1
551,1
2346,0
-248,0
-4674,0
2157,1
-4848,0
-214,0
-2324,0
3326,0
2585,1
-114,0
-3025,1
-4676,0
-3015,1
492,0
-1703,1
-613,1
742,0
1291,1
-1882,0
3962,0
-3359,1
-4347,1
1542,0
2291,1
-152,0
4993,1
4591,1
-2086,0
-907,1
-2101,1
-3060,0
451,1
4775,1
-3955,1
4577,1
-1116,0
-2972,0
-1242,0
-3454,0
-4990,0
3535,1
-3752,0
737,1
-1049,1
139,1
-491,1
-22,0
3623,1
2526,0
4127,1
4778,0
-729,1
-434,0
-1975,1
4285,1
-857,1
583,1
-85,1
3869,1
-2317,1
3817,1
-4304,0
-2557,1
2364,0
3274,0
2548,0
4673,1
-515,1
-4804,0
-4703,1
327,1
-4696,0
3921,1
4942,0
-3857,1
3332,0
4048,0
-4173,1
267,1
-4341,1
4966,0
286,0
2615,1
-2628,0
-4076,0
4029,1
178,0
-2684,0
-2718,0
-4091,1
-4888,0
-2511,1
-112,0
-1407,1
2608,0
-3881,1
1279,1
501,1
3836,0
-4741,1
-2227,1
-65,1
2806,0
3593,1
-1462,0
4166,0
-3089,1
4989,1
-163,1
-1999,1
-4624,0
-1475,1
4576,0
-2840,0
3126,0
3099,1
-2045,1
-504,0
-2431,1
-3931,1
-222,0
-2528,0
-1879,1
-960,0
2874,0
3275,1
4103,1
1205,1
3077,1
-4228,0
-3838,0
-3691,1
-2687,1
-4518,0
-1212,0
-4930,0
-4158,0
1456,0
3447,1
1119,1
2159,1
3902,0
-4050,0
-4092,0
3659,1
558,0
-1462,0
-571,1
2234,0
-292,0
-3175,1
2527,1
-4036,0
-1853,1
1797,1
2202,0
3708,0
-1171,1
-4842,0
1383,1
3217,1
3231,1
-4088,0
2120,0
-543,1
819,1
2373,1
-2851,1
-2621,1
218,0
1545,1
1493,1
-4573,1
-3037,1
-4692,0
-2921,1
4246,0
1835,1
886,0
3411,1
3045,1
-1698,0
3783,1
587,1
126,0
-1767,1
-3172,0
-3515,1
210,0
3087,1
-2698,0
-4300,0
2734,0
-994,0
-3541,1
-2942,0
4623,1
1401,1
-4521,1
-3273,1
-2838,0
-2050,0
-4774,0
-4432,0
875,1
-4730,0
-1909,1
-780,0
-2670,0
-4293,1
-2754,0
4430,0
578,0
-1655,1
1367,1
-274,0
-2602,0
2965,1
-1850,0
-3838,0
-1133,1
4710,0
-3864,0
-1547,1
-881,1
-1710,0
-336,0
-2868,0
3162,0
-1112,0
-3119,1
-916,0
1991,1
1843,1
-3832,0
-3211,1
-4362,0
678,0
4217,1
-4245,1
-1244,0
299,1
3972,0
-337,1
-4407,1
1974,0
-4496,0
3598,0
2572,0
3848,0
-3004,0
-1418,0
1341,1
-1755,1
1039,1
318,0
-1357,1
719,1
-4468,0
-1899,1
-1596,0
3152,0
-4184,0
-839,1
-1826,0
-3,1
-1503,1
3966,0
-3659,1
-4390,0
134,0
-279,1
4088,0
-2239,1
2479,1
1633,1
-4587,1
4496,0
-1655,1
4973,1
-65,1
-2798,0
-3099,1
3842,0
-341,1
-4740,0
4006,0
-3708,0
-4511,1
-3895,1
4652,0
-2826,0
-191,1
3515,1
916,0
3049,1
40,0
-2788,0
-751,1
3976,0
-3884,0
-2586,0
793,1
38,0
1528,0
1316,0
-476,0
-2427,1
1611,1
-3042,0
4751,1
4332,0
1482,0
-2465,1
3478,0
1477,1
4783,1
-211,1
-4957,1
2282,0
4540,0
-19,1
-4448,0
3399,1
-4641,1
3211,1
329,1
2543,1
-4287,1
3138,0
-872,0
-3632,0
3764,0
-2855,1
4108,0
1364,0
2751,1
1314,0
4812,0
3696,0
-4014,0
2358,0
-1878,0
-1313,1
-1966,0
-3723,1
2579,1
3182,0
-1321,1
-4085,1
-4592,0
4002,0
1629,1
4149,1
1500,0
-2879,1
979,1
-1079,1
-4747,1
880,0
-1008,0
4123,1
-1610,0
3333,1
3341,1
-2439,1
3140,0
-3950,0
-755,1
2031,1
3800,0
-2327,1
1101,1
-4726,0
3165,1
-3515,1
4501,1
1856,0
2670,0
-3051,1
-2954,0
-2065,1
-1975,1
1307,1
-672,0
-3959,1
-1923,1
3711,1
-2134,0
4546,0
-3353,1
3019,1
4767,1
810,0
-4242,0
1239,1
4434,0
-468,0
3966,0
4402,0
3519,1
-1404,0
2702,0
-2763,1
1944,0
1611,1
3553,1
4736,0
1827,1
516,0
1289,1
2707,1
-3256,0
3426,0
-3910,0
464,0
136,0
106,0
117,1
1010,0
2254,0
3129,1
-3851,1
3636,0
-2749,1
-1898,0
4967,1
-2803,1
4547,1
3018,0
740,0
4054,0
-333,1
867,1
-2331,1
3122,0
1721,1
1261,1
288,0
691,1
-3912,0
-2407,1
-4743,1
147,1
1500,0
653,1
-3522,0
1208,0
3978,0
-4501,1
811,1
2291,1
78,0
1798,0
2610,0
1554,0
-461,1
-1738,0
-3054,0
3212,0
4982,0
-2397,1
714,0
1508,0
1179,1
-4530,0
953,1
-2377,1
4741,1
-1659,1
203,1
-3846,0
204,0
595,1
-2456,0
-1082,0
-4704,0
770,0
1774,0
3554,0
3468,0
3391,1
-2448,0
-4043,1
-1809,1
-1693,1
4761,1
-1195,1
-4862,0
-421,1
3420,0
514,0
2732,0
-3285,1
-2457,1
676,0
-3159,1
-4639,1
4669,1
4661,1
2713,1
-589,1
3529,1
4078,0
-3602,0
3017,1
2976,0
-861,1
443,1
4155,1
-3778,0
2564,0
1175,1
-1825,1
-1743,1
1244,0
-1154,0
-382,0
1025,1
-1471,1
2014,0
1437,1
-4740,0
-4383,1
3197,1
-3683,1
4642,0
2365,1
506,0
-2587,1
2823,1
4233,1
-3978,0
961,1
3932,0
3936,0
1108,0
242,0
277,1
-1722,0
1954,0
3898,0
-3690,0
-4108,0
-4691,1
1815,1
-1532,0
-1631,1
1105,1
949,1
1880,0
3230,0
-2831,1
3373,1
-987,1
-4589,1
-4508,0
-809,1
3359,1
2521,1
1925,1
2213,1
-4429,1
-959,1
-3280,0
-3638,0
-985,1
-2676,0
2980,0
-563,1
-4527,1
-3751,1
-1008,0
131,1
2121,1
1202,0
2243,1
-846,0
4857,1
-2198,0
-986,0
-1252,0
-4821,1
1016,0
-4491,1
-2189,1
-403,1
2300,0
4161,1
-4280,0
2349,1
-2214,0
1661,1
-1001,1
-171,1
2745,1
-4505,1
-4740,0
-4950,0
-92,0
1736,0
-2951,1
818,0
-658,0
-1460,0
-1023,1
-3510,0
-2065,1
1042,0
-2539,1
-2538,0
91,1
-4169,1
-484,0
1576,0
-2277,1
3012,0
-4846,0
861,1
-3967,1
926,0
-1032,0
3015,1
3721,1
-350,0
-528,0
-2411,1
-2714,0
861,1
-4869,1
380,0
2927,1
2361,1
2525,1
-2719,1
-3251,1
-4672,0
2327,1
-1084,0
4285,1
-197,1
-759,1
-1447,1
4482,0
988,0
4511,1
695,1
-3175,1
2203,1
-2132,0
398,0
-3178,0
-1907,1
3688,0
4416,0
3059,1
-4618,0
-4940,0
-394,0
1797,1
-1269,1
-1060,0
3173,1
2622,0
4281,1
671,1
-661,1
-24,0
1059,1
3487,1
1602,0
-4043,1
-4,0
2680,0
4746,0
3322,0
-3341,1
4969,1
344,0
-3775,1
1184,0
2179,1
625,1
2781,1
1736,0
-1196,0
589,1
-3944,0
1381,1
-3304,0
2272,0
-1619,1
-523,1
-2468,0
-811,1
-259,1
4359,1
2667,1
1975,1
4964,0
-3444,0
1502,0
953,1
4756,0
-3876,0
2407,1
860,0
-1556,0
-3230,0
-180,0
-176,0
-882,0
3149,1
-315,1
-3632,0
2890,0
-583,1
-3447,1
826,0
-1556,0
3770,0
4450,0
4324,0
972,0
3481,1
-1637,1
-865,1
-3352,0
-4762,0
1462,0
-237,1
1110,0
476,0
-2026,0
2505,1
2474,0
732,0
-246,0
-1146,0
-3579,1
-2796,0
-720,0
-3770,0
1552,0
2286,0
-2800,0
3034,0
-1255,1
4491,1
2394,0
4983,1
4610,0
-4878,0
-1826,0
-3218,0
3106,0
2298,0
4092,0
-1367,1
-3968,0
2261,1
2369,1
4989,1
-1236,0
3609,1
3154,0
-1636,0
1939,1
2016,0
3197,1
798,0
3399,1
1786,0
-310,0
-4852,0
339,1
-16,0
4697,1
-4463,1
701,1
-546,0
1000,0
3630,0
1130,0
4480,0
974,0
-1821,1
-734,0
1634,0
-1881,1
3000,0
861,1
-1262,0
4866,0
-1490,0
-121,1
1449,1
-3519,1
1060,0
4998,0
-4620,0
3648,0
3530,0
-3442,0
2105,1
-4500,0
3702,0
-3388,0
-3606,0
1357,1
-4736,0
-4478,0
-365,1
-3251,1
3649,1
672,0
4144,0
-4754,0
1743,1
2557,1
1813,1
2136,0
4339,1
1024,0
1802,0
3321,1
-2998,0
4220,0
-2502,0
4238,0
-1106,0
618,0
1985,1
-2470,0
3708,0
3041,1
3159,1
1495,1
2363,1
-4262,0
1346,0
-1164,0
-2416,0
3420,0
377,1
-1787,1
-2403,1
-2251,1
4786,0
3887,1
1374,0
1026,0
169,1
1317,1
2063,1
965,1
-4316,0
3371,1
4876,0
2142,0
-1695,1
567,1
-341,1
-2145,1
-817,1
-2572,0
-4171,1
-2561,1
-4299,1
2311,1
-4732,0
-4959,1
1577,1
-4079,1
-1179,1
1912,0
-2332,0
-1743,1
-3385,1
1327,1
2377,1
518,0
2066,0
959,1
4136,0
-130,0
2410,0
-3997,1
1010,0
4367,1
3127,1
-2421,1
3408,0
-815,1
-4537,1
-3732,0
-4356,0
-3402,0
-616,0
2881,1
-588,0
-1531,1
-1655,1
-2329,1
4888,0
-4928,0
3411,1
-1673,1
-812,0
-1536,0
-2834,0
109,1
-3619,1
-3086,0
3907,1
2563,1
4204,0
-1481,1
-701,1
2062,0
4130,0
1802,0
427,1
3737,1
-3807,1
1997,1
3334,0
-850,0
1423,1
-4191,1
181,1
-4027,1
1120,0
2254,0
648,0
-4190,0
964,0
282,0
-3033,1
4605,1
-1632,0
1795,1
1317,1
3618,0
-596,0
3328,0
533,1
-4316,0
-2457,1
-124,0
-1509,1
3180,0
-2863,1
4634,0
632,0
4989,1
-3074,0
2230,0
3213,1
-1539,1
-1154,0
-4445,1
-2068,0
-2551,1
195,1
3471,1
-1534,0
-4581,1
-1434,0
-2241,1
-1226,0
1268,0
3293,1
-913,1
-155,1
-4901,1
-206,0
2598,0
-3485,1
-2135,1
2539,1
-2437,1
580,0
3953,1
-3420,0
-1272,0
-3776,0
-4413,1
-1963,1
-1565,1
2300,0
-4478,0
3273,1
-254,0
-4838,0
-3982,0
-1628,0
1385,1
282,0
1169,1
3998,0
-3938,0
-788,0
-2205,1
-807,1
-2322,0
-3391,1
-1340,0
-1941,1
2989,1
-3589,1
-2862,0
-3171,1
1478,0
3597,1
-2537,1
-3865,1
-2937,1
-356,0
-2416,0
4217,1
-4647,1
-1532,0
2235,1
633,1
132,0
-3928,0
-831,1
-4417,1
-2416,0
-4233,1
39,1
-4308,0
-45,1
4261,1
2986,0
-4111,1
-460,0
3410,0
3367,1
1517,1
-4384,0
-1386,0
1801,1
1823,1
-3144,0
4252,0
-2756,0
4837,1
-28,0
3477,1
2590,0
4536,0
-3846,0
1397,1
57,1
3277,1
-1833,1
4636,0
-3642,0
-4611,1
-4906,0
-2728,0
-3908,0
-3409,1
-775,1
-2460,0
159,1
-654,0
4563,1
1457,1
1872,0
-4617,1
3965,1
-2324,0
3802,0
-4879,1
-4557,1
-1636,0
-624,0
1091,1
1515,1
-1502,0
4452,0
1679,1
-1414,0
-2898,0
-4374,0
-4146,0
-1999,1
-3017,1
4604,0
220,0
3635,1
-2650,0
2294,0
-603,1
-883,1
210,0
2698,0
1641,1
4429,1
3489,1
1934,0
-2551,1
-2208,0
-253,1
-685,1
-1130,0
3457,1
-2252,0
4547,1
4787,1
4291,1
-4048,0
812,0
953,1
-1693,1
2345,1
4961,1
-1052,0
-1910,0
-485,1
-4018,0
3659,1
4047,1
-484,0
2488,0
4610,0
2500,0
-3815,1
4635,1
2510,0
-4671,1
-1404,0
-3382,0
1486,0
-822,0
-1542,0
2729,1
326,0
-2979,1
-753,1
-3320,0
337,1
3141,1
2639,1
1332,0
-1472,0
4971,1
-3573,1
2494,0
335,1
917,1
-4754,0
2359,1
-2459,1
4418,0
-49,1
3795,1
504,0
3812,0
-1143,1
1362,0
79,1
204,0
2723,1
2091,1
-2888,0
4285,1
-4541,1
2774,0
1183,1
4498,0
3777,1
-3173,1
3552,0
4677,1
2373,1
-4197,1
2106,0
-1135,1
1759,1
3482,0
-704,0
4045,1
-4080,0
3195,1
-1787,1
-2020,0
1372,0
-2810,0
-1944,0
113,1
46,0
-2211,1
2395,1
-1461,1
-170,0
3536,0
-665,1
-4960,0
-2441,1
3495,1
920,0
4290,0
-1313,1
507,1
3323,1
2328,0
-1430,0
-4502,0
-3411,1
-3750,0
-488,0
-2832,0
-2497,1
-1309,1
-448,0
-800,0
4021,1
2066,0
-4694,0
-2869,1
1187,1
-1959,1
1840,0
-3442,0
-4578,0
3764,0
-4197,1
826,0
-4466,0
-2027,1
2834,0
-4919,1
3378,0
-1913,1
-2945,1
2143,1
4358,0
-3211,1
-4314,0
-1567,1
1585,1
-1703,1
-2775,1
-2055,1
-704,0
-4291,1
-1490,0
-559,1
-2448,0
1210,0
-3711,1
2464,0
-3638,0
652,0
1001,1
-4399,1
4019,1
-3675,1
1929,1
2373,1
4890,0
4380,0
-1062,0
2613,1
-3505,1
-596,0
-1486,0
3623,1
-3318,0
-4067,1
4067,1
-977,1
-4905,1
-4175,1
862,0
-626,0
-3578,0
-1359,1
-2803,1
-1357,1
-132,0
2501,1
2752,0
4720,0
2776,0
2390,0
-1828,0
-4835,1
1575,1
-1735,1
-4682,0
-2641,1
-1583,1
2741,1
-3368,0
-4887,1
-2056,0
4970,0
3217,1
-2285,1
-4143,1
2235,1
-2713,1
-668,0
4358,0
4543,1
-2614,0
-1938,0
-562,0
2396,0
3063,1
-3292,0
-4952,0
4701,1
-1048,0
-3598,0
1208,0
885,1
3859,1
-796,0
2318,0
4835,1
2942,0
3963,1
266,0
-2106,0
-1835,1
4138,0
-1126,0
1283,1
-1488,0
-2075,1
-2820,0
2207,1
-1961,1
-2658,0
-316,0
313,1
1420,0
4492,0
4887,1
2271,1
-418,0
4373,1
4717,1
-4550,0
4336,0
-3964,0
348,0
-1688,0
-1323,1
1829,1
284,0
1395,1
1618,0
1689,1
1497,1
-221,1
671,1
2507,1
247,1
-891,1
-1421,1
-4871,1
3348,0
1759,1
2642,0
537,1
3674,0
3622,0
3736,0
-2501,1
4411,1
2993,1
3699,1
-2727,1
-1540,0
-2237,1
-545,1
-3357,1
1077,1
-108,0
-252,0
-3534,0
3740,0
-3899,1
2215,1
2716,0
450,0
3244,0
1269,1
-1711,1
-2723,1
-3581,1
4200,0
-2908,0
-2478,0
939,1
1154,0
930,0
4627,1
-1770,0
-3832,0
-981,1
-2364,0
-3158,0
3426,0
4165,1
563,1
4863,1
233,1
2596,0
-2189,1
-1690,0
-392,0
3410,0
-623,1
-1918,0
4733,1
2482,0
161,1
-3,1
-31,1
-2433,1
-3710,0
4048,0
-2127,1
-1131,1
-1382,0
-1321,1
2680,0
-1168,0
2706,0
-2372,0
-1225,1
-3404,0
-525,1
-1460,0
3716,0
2572,0
-1775,1
4383,1
-1465,1
1003,1
-4376,0
3679,1
-850,0
4397,1
3945,1
460,0
4648,0
3752,0
3827,1
3736,0
146,0
-4652,0
-4731,1
39,1
4549,1
4939,1
-1007,1
-4248,0
-2570,0
4165,1
-3174,0
-2369,1
-2317,1
3410,0
-2784,0
4444,0
611,1
1493,1
-2867,1
-3499,1
2454,0
152,0
-1711,1
-1377,1
1878,0
-1729,1
-513,1
-373,1
-3966,0
-3349,1
-1803,1
1770,0
-1975,1
-551,1
1198,0
1266,0
720,0
-4513,1
706,0
3321,1
-8,0
-347,1
37,1
-2604,0
3036,0
4604,0
4828,0
-4871,1
-1254,0
2416,0
1136,0
1178,0
-2924,0
-2446,0
-4475,1
-1256,0
-159,1
3786,0
-4800,0
-4340,0
2572,0
-4744,0
-38,0
4043,1
2657,1
-2707,1
-3754,0
-801,1
3472,0
735,1
-2065,1
-2479,1
-3352,0
993,1
-1150,0
-4374,0
-101,1
4342,0
-3934,0
3383,1
-2849,1
-4867,1
3263,1
-913,1
4263,1
1521,1
-3237,1
-3117,1
4724,0
4117,1
-3619,1
836,0
3215,1
3767,1
4350,0
3916,0
-312,0
2604,0
1933,1
-94,0
-2254,0
2992,0
417,1
-933,1
996,0
1106,0
-3253,1
-4226,0
2369,1
3493,1
1840,0
716,0
-2167,1
1695,1
-3899,1
36,0
-2906,0
-1979,1
-449,1
2557,1
306,0
-1658,0
-4554,0
3448,0
764,0
2358,0
3647,1
2651,1
2191,1
-494,0
-1779,1
2899,1
-436,0
3169,1
436,0
-4411,1
955,1
-3134,0
3762,0
2278,0
-759,1
3401,1
-1658,0
2521,1
-4602,0
3983,1
224,0
4851,1
672,0
-829,1
-4642,0
-1353,1
4655,1
4844,0
1656,0
1017,1
-534,0
1537,1
-2349,1
3214,0
-3122,0
-890,0
-150,0
-762,0
-2952,0
-1600,0
4900,0
-2122,0
-159,1
-3443,1
2302,0
1523,1
-4875,1
-1745,1
-16,0
-1230,0
2739,1
4461,1
3656,0
3523,1
3157,1
-3885,1
-3115,1
3148,0
-551,1
-3952,0
-4760,0
4211,1
-4834,0
-3540,0
-3349,1
1956,0
1719,1
4971,1
-3182,0
4682,0
-1607,1
2931,1
4712,0
3095,1
3715,1
737,1
-1856,0
1937,1
3441,1
3048,0
-2644,0
-2997,1
-1941,1
4945,1
3599,1
-4377,1
4246,0
-1196,0
-3599,1
-1022,0
-720,0
-2569,1
1422,0
-2382,0
1019,1
-3712,0
3649,1
-3245,1
-3546,0
-4122,0
4287,1
-1916,0
2698,0
-44,0
-3602,0
1983,1
-630,0
1020,0
782,0
2589,1
4624,0
208,0
4208,0
-2521,1
3903,1
903,1
-1155,1
1428,0
-3950,0
-2030,0
3054,0
4823,1
2928,0
-2270,0
-4087,1
2395,1
-4609,1
-4585,1
-3531,1
3243,1
2979,1
3864,0
1375,1
-934,0
-317,1
3552,0
-4009,1
-1090,0
-2000,0
-1741,1
-2478,0
-4333,1
1590,0
1478,0
4728,0
74,0
621,1
606,0
170,0
-3168,0
3952,0
1945,1
-4471,1
1284,0
3022,0
2567,1
4888,0
1701,1
-677,1
115,1
-4775,1
4496,0
-2314,0
609,1
2758,0
3362,0
-2154,0
-4850,0
564,0
791,1
-1388,0
28,0
1037,1
2051,1
4176,0
2692,0
-829,1
1838,0
-4121,1
-4341,1
-2882,0
-348,0
1066,0
-2085,1
-2080,0
-4622,0
-4164,0
-1822,0
4188,0
1555,1
-3396,0
-4842,0
1884,0
3810,0
-2239,1
4892,0
-3293,1
1699,1
-1786,0
-3254,0
4646,0
-4035,1
-2386,0
-4103,1
4213,1
-4941,1
-4915,1
1707,1
4863,1
-382,0
2566,0
1424,0
-2124,0
4944,0
3125,1
3871,1
13,1
-1207,1
4235,1
2009,1
3930,0
-396,0
-1272,0
3287,1
2644,0
230,0
3721,1
248,0
-1113,1
574,0
-3704,0
-2971,1
-2863,1
-1169,1
1243,1
1135,1
1489,1
-3797,1
2691,1
-2543,1
-1264,0
-3382,0
-4352,0
-2702,0
4455,1
3167,1
312,0
-3083,1
-4974,0
1741,1
-978,0
-3449,1
2310,0
-3135,1
622,0
-303,1
3188,0
3147,1
2299,1
-2379,1
2913,1
-1572,0
2538,0
4475,1
3219,1
-2934,0
4777,1
-2688,0
1425,1
2524,0
2847,1
-2734,0
2374,0
-3344,0
-965,1
-699,1
-2310,0
-361,1
-1961,1
-1993,1
1975,1
3034,0
123,1
4054,0
3322,0
2503,1
2904,0
-4375,1
1529,1
2242,0
-2503,1
-4136,0
3421,1
-4435,1
-1812,0
2025,1
2504,0
3409,1
3848,0
-3677,1
-4308,0
-1036,0
-2276,0
4646,0
-542,0
344,0
1818,0
-1591,1
4523,1
4542,0
-3694,0
1799,1
3528,0
2301,1
2818,0
-4885,1
-2916,0
4805,1
-2433,1
666,0
1265,1
-3918,0
3028,0
4486,0
4380,0
847,1
1718,0
-3251,1
1174,0
-4159,1
3398,0
2836,0
780,0
2555,1
2698,0
-4990,0
621,1
-4435,1
-2404,0
-4938,0
-1338,0
2553,1
700,0
-3396,0
2248,0
-1121,1
-4337,1
2459,1
-2276,0
-4429,1
2829,1
1565,1
4455,1
-1685,1
-3969,1
1421,1
-2340,0
-3670,0
3620,0
-291,1
4454,0
2595,1
3198,0
-2282,0
-4145,1
3201,1
4472,0
-3863,1
455,1
-2712,0
3543,1
502,0
2508,0
2447,1
-568,0
2918,0
-3899,1
-3780,0
2058,0
3345,1
-1035,1
-1546,0
-949,1
1837,1
1227,1
1056,0
1072,0
-4883,1
729,1
-3862,0
492,0
-2777,1
-952,0
1961,1
-4387,1
-1124,0
-2592,0
-2939,1
-3094,0
-1490,0
-3186,0
3201,1
140,0
1849,1
-90,0
3733,1
107,1
-2007,1
-4188,0
25,1
2352,0
-3044,0
2416,0
2849,1
3480,0
-1803,1
-4132,0
-4138,0
2641,1
-3347,1
737,1
1736,0
-5000,0
-3405,1
-3726,0
-3848,0
-4065,1
4128,0
2397,1
897,1
3854,0
2267,1
1175,1
-2094,0
-1122,0
2396,0
3551,1
-2119,1
-4633,1
-1138,0
4753,1
-813,1
3979,1
-3862,0
-554,0
211,1
-1724,0
-1525,1
3146,0
-2820,0
4879,1
1448,0
1769,1
3685,1
2682,0
4195,1
-4861,1
-4207,1
-4470,0
-796,0
-2619,1
-3436,0
788,0
3900,0
2419,1
-4700,0
2378,0
4464,0
-4992,0
-2228,0
4914,0
818,0
-4254,0
2659,1
3823,1
-4818,0
3732,0
4135,1
-4340,0
-3717,1
-2742,0
-2464,0
-210,0
237,1
2604,0
2796,0
2689,1
3329,1
5,1
4885,1
3894,0
4482,0
-449,1
-3757,1
2738,0
3163,1
4534,0
2342,0
-4011,1
-4624,0
3624,0
-4112,0
1093,1
-4831,1
3663,1
-2721,1
3644,0
-2683,1
2839,1
918,0
1255,1
-4814,0
-2858,0
1578,0
-3501,1
-3388,0
-2615,1
3375,1
-3135,1
-1693,1
4165,1
2191,1
-2140,0
3698,0
4196,0
-1512,0
388,0
-300,0
-501,1
4750,0
-801,1
-4246,0
2311,1
-3354,0
375,1
-79,1
-4056,0
-3332,0
-3039,1
396,0
-3857,1
1270,0
3140,0
-4556,0
2347,1
-3769,1
1925,1
3148,0
-1710,0
-2628,0
1760,0
3774,0
-2655,1
1796,0
4150,0
-4139,1
277,1
3215,1
2799,1
-2890,0
137,1
3024,0
3425,1
2927,1
-1947,1
3933,1
-1439,1
2473,1
3711,1
3091,1
2743,1
1040,0
1712,0
-1923,1
-1424,0
-942,0
-3708,0
-1807,1
-680,0
3395,1
3456,0
-1702,0
3465,1
-2263,1
-1580,0
-3501,1
-2152,0
-2346,0
-4272,0
379,1
-1238,0
-1251,1
-755,1
-4623,1
-3273,1
-1230,0
-1030,0
2807,1
-4257,1
2779,1
383,1
3315,1
-670,0
-4828,0
1504,0
-2674,0
952,0
-2716,0
115,1
3322,0
-42,0
-3622,0
-807,1
2417,1
2049,1
3971,1
-1751,1
1993,1
1387,1
-3056,0
-1473,1
-4788,0
934,0
-4570,0
-4258,0
795,1
2514,0
-2612,0
-2536,0
-3303,1
-3701,1
-2273,1
59,1
2380,0
-4338,0
4448,0
-2580,0
484,0
4989,1
-281,1
-753,1
-3173,1
-269,1
-4498,0
-2671,1
-3925,1
3708,0
1964,0
3979,1
463,1
-1440,0
568,0
-3721,1
-3568,0
-1541,1
-2707,1
4629,1
2375,1
-2962,0
125,1
-2036,0
316,0
2609,1
-1871,1
1736,0
800,0
3446,0
-4315,1
-4361,1
-2690,0
2706,0
4950,0
-2574,0
3309,1
-16,0
3481,1
1430,0
-2045,1
3200,0
-817,1
-574,0
-1757,1
4582,0
514,0
-2616,0
1801,1
875,1
-3893,1
4214,0
-3957,1
-2374,0
255,1
-3073,1
3606,0
-715,1
4769,1
-1876,0
-3535,1
-3430,0
-3214,0
-4065,1
-4535,1
-4146,0
-4056,0
4293,1
3797,1
4635,1
-4032,0
1870,0
624,0
-4362,0
3512,0
2158,0
-4217,1
-2481,1
-3793,1
3423,1
555,1
-3724,0
787,1
1261,1
-904,0
-1890,0
4379,1
-263,1
-4267,1
-3732,0
1398,0
584,0
-4467,1
-4313,1
1592,0
-2976,0
-973,1
-1255,1
1606,0
-2384,0
-1277,1
-4962,0
3156,0
4279,1
-3601,1
-4877,1
-1923,1
2068,0
3499,1
-2920,0
2192,0
-3842,0
4374,0
-1474,0
4006,0
-1519,1
4085,1
4371,1
2068,0
-1572,0
-2180,0
-1716,0
-3914,0
1586,0
2734,0
2613,1
14,0
-2776,0
1456,0
-4917,1
-4280,0
-1450,0
1105,1
3548,0
-2071,1
-3866,0
588,0
-3953,1
1932,0
95,1
-1445,1
4404,0
-3686,0
-31,1
-1198,0
4921,1
1960,0
-4704,0
-1336,0
-282,0
4138,0
4665,1
3051,1
-1382,0
1452,0
-1249,1
2579,1
-165,1
639,1
4649,1
-2635,1
4374,0
-1672,0
-3554,0
1162,0
-2953,1
4111,1
4298,0
-4934,0
1132,0
2860,0
-402,0
-4056,0
-2176,0
-1938,0
1496,0
1699,1
-1465,1
2666,0
-4401,1
-4234,0
-2673,1
4891,1
-4915,1
1398,0
-4884,0
-2676,0
2560,0
-1513,1
546,0
-475,1
-604,0
4487,1
1946,0
-1809,1
-4986,0
149,1
-3108,0
-4297,1
-3541,1
-253,1
-1925,1
1759,1
1907,1
-2054,0
2773,1
1897,1
1990,0
-276,0
36,0
2838,0
1899,1
-2701,1
-3153,1
2926,0
1855,1
-3110,0
209,1
2784,0
2652,0
1377,1
999,1
1499,1
4911,1
-2728,0
-1420,0
599,1
-277,1
2063,1
-4137,1
-105,1
-1498,0
-1648,0
-4744,0
2571,1
4294,0
-2532,0
484,0
-2743,1
4232,0
-4816,0
-2992,0
764,0
-2070,0
-1163,1
-3182,0
-2980,0
1488,0
-720,0
4712,0
-1468,0
2554,0
3099,1
-1574,0
1672,0
4815,1
-2890,0
-3364,0
-2516,0
-598,0
-2714,0
906,0
-2759,1
-1082,0
4654,0
3652,0
-3241,1
3667,1
3366,0
4479,1
-4570,0
-1398,0
-1267,1
812,0
-1078,0
656,0
2135,1
-4406,0
1152,0
2067,1
-4778,0
1678,0
-2329,1
1910,0
3936,0
4471,1
615,1
3016,0
2191,1
3735,1
-3938,0
1164,0
3338,0
4109,1
-990,0
-1592,0
-2275,1
3991,1
3920,0
-4690,0
4592,0
-3454,0
-635,1
-210,0
-2360,0
-2686,0
-2351,1
-1347,1
-2854,0
2734,0
3885,1
1681,1
-2636,0
-2215,1
3436,0
-4526,0
-1633,1
-1780,0
1064,0
-1591,1
-4250,0
2256,0
3724,0
2974,0
-538,0
4180,0
-1800,0
3459,1
-341,1
1455,1
3473,1
2877,1
3080,0
-854,0
-2384,0
-4070,0
3595,1
748,0
-1338,0
-3216,0
4219,1
-3026,0
-4574,0
4283,1
-1907,1
-3292,0
-3764,0
3204,0
339,1
3988,0
4419,1
-2416,0
-4691,1
3255,1
4608,0
1441,1
2260,0
3760,0
4168,0
-2636,0
3563,1
-2169,1
-2492,0
-4410,0
1483,1
-2863,1
3439,1
-3110,0
-868,0
1638,0
1815,1
3021,1
264,0
1244,0
26,0
992,0
-3233,1
1504,0
500,0
1270,0
-1487,1
-2241,1
-1970,0
-3008,0
-1786,0
-4679,1
3819,1
1684,0
2238,0
200,0
-3010,0
4290,0
-2280,0
3283,1
-474,0
-4710,0
1445,1
4482,0
146,0
-4479,1
-755,1
-2361,1
212,0
3980,0
1111,1
4323,1
-2100,0
-173,1
-3974,0
-3836,0
-2373,1
-3674,0
4165,1
4919,1
-1820,0
4269,1
-2870,0
-1713,1
3941,1
-2914,0
-3569,1
-4162,0
-3268,0
-1084,0
264,0
-2228,0
228,0
745,1
3311,1
-3317,1
898,0
-3918,0
2812,0
-3954,0
974,0
2480,0
-815,1
47,1
-2567,1
3961,1
806,0
-4229,1
1947,1
-3195,1
-3405,1
-2119,1
810,0
4606,0
-192,0
-2355,1
2828,0
-4926,0
794,0
-1141,1
2866,0
2505,1
-3183,1
3538,0
2971,1
518,0
4765,1
-650,0
-2657,1
1381,1
1989,1
-2709,1
950,0
4577,1
-1733,1
2512,0
2269,1
-2111,1
1355,1
-4867,1
3041,1
1066,0
-222,0
2872,0
2683,1
2362,0
-4359,1
804,0
-2023,1
1854,0
2671,1
-413,1
2348,0
2624,0
-4930,0
-133,1
-2604,0
2648,0
4207,1
-4969,1
-3022,0
-841,1
879,1
2599,1
3466,0
-4618,0
1725,1
-1820,0
-2673,1
-3446,0
2766,0
-216,0
2630,0
-3298,0
2541,1
-572,0
4138,0
4112,0
3626,0
-2165,1
-433,1
4903,1
3880,0
887,1
2747,1
-4728,0
-3554,0
3241,1
2888,0
3150,0
-3695,1
4222,0
149,1
2913,1
3566,0
1997,1
-4611,1
1173,1
-3013,1
1401,1
-2811,1
3830,0
-1638,0
4718,0
-4186,0
1180,0
4091,1
-3517,1
-3130,0
-1859,1
3350,0
-4473,1
4987,1
2384,0
4043,1
-3699,1
4307,1
-4167,1
-2443,1
-679,1
-2241,1
2518,0
4643,1
-779,1
-4707,1
404,0
3341,1
-1806,0
-3038,0
1219,1
-3948,0
-4882,0
4371,1
-180,0
3082,0
-1964,0
739,1
-4109,1
-3984,0
-2762,0
3529,1
3634,0
-1861,1
715,1
-2117,1
-3761,1
3113,1
3740,0
-3012,0
-659,1
-4543,1
-1286,0
839,1
-2450,0
2285,1
1466,0
2225,1
506,0
1558,0
-298,0
-2178,0
-108,0
2097,1
-2399,1
-3169,1
-4040,0
3060,0
4146,0
-3566,0
4674,0
3964,0
-3510,0
-1406,0
-721,1
-519,1
1416,0
-3570,0
-1389,1
1837,1
2437,1
-411,1
1179,1
-3747,1
-2045,1
311,1
-2989,1
1142,0
1379,1
4031,1
-3855,1
-4495,1
-2487,1
849,1
-4505,1
1206,0
3655,1
-4216,0
2477,1
-255,1
-4574,0
-644,0
-4872,0
3521,1
-4182,0
3332,0
4737,1
-343,1
4766,0
-2633,1
-701,1
-883,1
-2288,0
2666,0
4653,1
-1369,1
4572,0
-4311,1
4827,1
302,0
-116,0
1686,0
2685,1
4525,1
4329,1
-4343,1
0,0
1278,0
1709,1
-640,0
-413,1
1137,1
-1019,1
4141,1
-2147,1
4073,1
2716,0
-1529,1
-1946,0
160,0
4538,0
-626,0
-2238,0
-848,0
2420,0
4344,0
1874,0
3847,1
-4015,1
-3377,1
3602,0
1474,0
4787,1
-4578,0
89,1
2026,0
-832,0
2279,1
-1577,1
-4523,1
1250,0
4027,1
4810,0
-559,1
-3807,1
-2775,1
-2979,1
-2569,1
-2473,1
4957,1
4890,0
3975,1
131,1
-2614,0
3097,1
-1829,1
2209,1
-458,0
-3757,1
4381,1
-252,0
-1191,1
-2920,0
879,1
2705,1
-1212,0
-928,0
227,1
3999,1
-22,0
-704,0
-4266,0
75,1
1975,1
-2491,1
3193,1
-4926,0
2440,0
1356,0
2662,0
-652,0
-4509,1
-1595,1
-788,0
-507,1
444,0
4881,1
-1257,1
-3547,1
4596,0
781,1
2160,0
4460,0
4743,1
-610,0
2213,1
2195,1
-2281,1
37,1
-683,1
-1922,0
102,0
3612,0
-4555,1
284,0
4046,0
-4214,0
-1944,0
-346,0
-4693,1
2155,1
-2129,1
-2232,0
-2461,1
1879,1
1006,0
-4709,1
4385,1
259,1
1886,0
-3081,1
-570,0
3128,0
1624,0
-3942,0
2725,1
327,1
3975,1
-78,0
1744,0
-1177,1
-1488,0
2638,0
-2476,0
787,1
2456,0
-3475,1
3064,0
4426,0
5000,0
-1860,0
-4728,0
1657,1
598,0
3782,0
-3539,1
-121,1
3891,1
2252,0
341,1
-1618,0
1177,1
-516,0
1739,1
280,0
813,1
1272,0
-3747,1
-1686,0
3917,1
-2605,1
-4253,1
1792,0
3510,0
-3792,0
2647,1
-4928,0
3819,1
-2854,0
-1371,1
894,0
-4814,0
-742,0
-675,1
-3012,0
-4593,1
967,1
2010,0
3366,0
620,0
4779,1
2091,1
-1046,0
1770,0
3887,1
-2887,1
-2608,0
-2712,0
-2178,0
-1616,0
-605,1
-4130,0
2621,1
-1974,0
929,1
3006,0
2445,1
-4873,1
-492,0
1722,0
-365,1
263,1
-2648,0
3906,0
-4521,1
4067,1
1601,1
2188,0
2408,0
-40,0
-2785,1
3382,0
2767,1
-2618,0
-3046,0
3077,1
-1235,1
1390,0
-1736,0
3078,0
4028,0
-726,0
1808,0
3971,1
1787,1
-2840,0
748,0
-2012,0
-1012,0
3816,0
4391,1
-4885,1
-53,1
3580,0
2633,1
2416,0
2719,1
-2849,1
2439,1
4776,0
2468,0
146,0
-2253,1
-1159,1
-4047,1
-562,0
2410,0
3763,1
-2141,1
2324,0
-2978,0
-882,0
4615,1
1526,0
2229,1
437,1
-2831,1
3632,0
-2602,0
4009,1
424,0
48,0
599,1
4961,1
3956,0
979,1
-4137,1
-2871,1
-1370,0
4565,1
-3325,1
4527,1
-4544,0
3464,0
-4348,0
1822,0
3580,0
3816,0
2856,0
-1744,0
2639,1
-2321,1
486,0
3047,1
35,1
3435,1
-2129,1
-4115,1
-3899,1
3551,1
1221,1
-3281,1
4239,1
299,1
3834,0
2712,0
-1807,1
-2355,1
-2827,1
-4899,1
3267,1
1048,0
-2671,1
461,1
-2275,1
-1008,0
603,1
-1090,0
2672,0
3004,0
406,0
4093,1
3601,1
4780,0
-1380,0
-1685,1
349,1
-1557,1
-2936,0
877,1
-4074,0
-3427,1
2849,1
3891,1
1890,0
-2046,0
3481,1
2672,0
-614,0
4805,1
3189,1
3948,0
-2341,1
1968,0
-982,0
-3621,1
3966,0
771,1
-1907,1
421,1
-1912,0
-602,0
4510,0
-2103,1
813,1
-2710,0
-4185,1
-2608,0
1462,0
1270,0
-1909,1
-1006,0
616,0
4723,1
3691,1
-952,0
-4733,1
3418,0
-1695,1
1738,0
-897,1
-887,1
3920,0
667,1
-2616,0
-1741,1
-1012,0
67,1
4997,1
2953,1
3920,0
4251,1
362,0
2199,1
3260,0
-4769,1
-653,1
3979,1
-3110,0
-2589,1
2288,0
-3034,0
-4533,1
-4343,1
-1709,1
-3772,0
-187,1
-1417,1
-1757,1
3572,0
-3403,1
-4959,1
507,1
-2570,0
4322,0
2104,0
2526,0
80,0
-3548,0
4593,1
-3727,1
-3047,1
-238,0
-1522,0
3970,0
-945,1
-2457,1
-3367,1
4138,0
-816,0
4624,0
-51,1
-3725,1
3992,0
-3956,0
-3491,1
-3233,1
3227,1
4133,1
1724,0
2175,1
1063,1
1686,0
-1112,0
2148,0
-4533,1
-3445,1
-3087,1
2836,0
-2317,1
609,1
2784,0
-1920,0
1760,0
-4081,1
-4519,1
-2622,0
3155,1
-3158,0
-3896,0
-3113,1
1396,0
1488,0
281,1
1293,1
4225,1
-70,0
2796,0
-2042,0
-1609,1
-1560,0
3690,0
-4791,1
-1327,1
4763,1
-3237,1
-1229,1
-4221,1
-1447,1
2868,0
2578,0
4499,1
-3431,1
1399,1
-376,0
4202,0
3809,1
230,0
825,1
-3216,0
3363,1
4043,1
-2105,1
2771,1
-436,0
-4421,1
2072,0
-244,0
-3857,1
-3298,0
-2839,1
-3071,1
-1362,0
-3839,1
-1815,1
3283,1
-3064,0
-3712,0
1218,0
1887,1
1491,1
2208,0
-4246,0
2545,1
-1836,0
-4577,1
-2673,1
4981,1
-4274,0
2310,0
361,1
-616,0
4275,1
-1556,0
-883,1
-171,1
-1142,0
1751,1
-96,0
-2946,0
2186,0
-3322,0
871,1
-2161,1
3990,0
4042,0
3971,1
4298,0
-3715,1
-3327,1
3783,1
2261,1
-3271,1
-1852,0
1232,0
1489,1
4424,0
1705,1
4180,0
-2771,1
-4790,0
-1416,0
4972,0
4079,1
664,0
-2137,1
-3220,0
1884,0
-2769,1
-1763,1
-3931,1
-3050,0
-1782,0
-1285,1
-11,1
950,0
-762,0
3889,1
-3832,0
4341,1
-4508,0
3026,0
4021,1
-3722,0
-1123,1
1589,1
4781,1
-227,1
4073,1
4067,1
-950,0
1292,0
4604,0
-4318,0
-1658,0
1008,0
-2221,1
296,0
4378,0
649,1
1938,0
-103,1
-818,0
-3883,1
-3136,0
-1942,0
-2884,0
-920,0
761,1
-1511,1
-681,1
686,0
-2405,1
3461,1
673,1
-4108,0
-3729,1
162,0
-4049,1
1350,0
-2046,0
800,0
4180,0
3904,0
514,0
1186,0
-657,1
1574,0
-445,1
1000,0
-2285,1
1673,1
-4340,0
4631,1
-3887,1
4670,0
3232,0
1617,1
4535,1
1047,1
-506,0
-3486,0
745,1
-2230,0
4388,0
-672,0
2691,1
-1767,1
-353,1
3184,0
-4493,1
-3334,0
-2773,1
3400,0
490,0
-3754,0
-4613,1
4841,1
-785,1
1168,0
-2403,1
1364,0
1251,1
-1772,0
-3315,1
-278,0
543,1
-1334,0
-3355,1
-1248,0
-3511,1
-627,1
2812,0
3826,0
2863,1
-4631,1
-150,0
-1499,1
2799,1
-436,0
-4945,1
-1036,0
-3028,0
-3119,1
-4650,0
-1777,1
-3375,1
-2064,0
-1522,0
-676,0
-1465,1
294,0
820,0
-751,1
-1317,1
2064,0
661,1
1807,1
3873,1
-556,0
-1,1
-4203,1
4468,0
-4791,1
-3220,0
2058,0
-956,0
-2867,1
-3096,0
-1087,1
-3333,1
-3174,0
3219,1
4918,0
-4907,1
48,0
1360,0
-1067,1
2965,1
563,1
2589,1
-508,0
3715,1
-4008,0
945,1
3355,1
-2431,1
-567,1
-1903,1
4708,0
-1378,0
2610,0
-2510,0
-4785,1
4384,0
-447,1
208,0
3258,0
-1851,1
-1005,1
-4473,1
4642,0
-3007,1
948,0
-1632,0
-242,0
1785,1
4469,1
-3785,1
59,1
-2727,1
3537,1
-3290,0
1299,1
2467,1
4127,1
-481,1
1728,0
4074,0
114,0
4385,1
2115,1
-1729,1
-495,1
-3409,1
3375,1
-3557,1
-2049,1
-2111,1
3009,1
-1989,1
524,0
-771,1
-1289,1
-2284,0
-4313,1
1251,1
4238,0
4782,0
1797,1
3710,0
296,0
1243,1
-4801,1
4348,0
4167,1
2623,1
2410,0
4419,1
157,1
4594,0
304,0
-3872,0
2789,1
3592,0
-1342,0
-2525,1
-4239,1
4370,0
-289,1
3895,1
263,1
2285,1
1047,1
4312,0
1908,0
-1967,1
793,1
-4458,0
-3616,0
4908,0
-3513,1
3090,0
1420,0
-3778,0
3142,0
-255,1
1666,0
-612,0
-2699,1
-4843,1
-2899,1
296,0
-2800,0
-2008,0
2695,1
1797,1
-4090,0
-3076,0
-2135,1
2505,1
2458,0
4457,1
4984,0
164,0
-1832,0
-1726,0
2405,1
-1337,1
4891,1
3221,1
4461,1
-3744,0
-4297,1
2992,0
579,1
-3813,1
2287,1
2005,1
4541,1
-2056,0
-3566,0
2946,0
-4307,1
3505,1
17,1
4797,1
-4013,1
1849,1
1022,0
-2163,1
3196,0
3354,0
-772,0
-3162,0
-1233,1
2164,0
-733,1
-2081,1
2009,1
4549,1
4944,0
-2276,0
-2853,1
2101,1
-2477,1
4371,1
4926,0
-2676,0
833,1
-4771,1
4447,1
1601,1
4433,1
1218,0
1739,1
-4796,0
4748,0
-623,1
3433,1
-1237,1
-2637,1
-3615,1
1635,1
1037,1
2507,1
3611,1
-1594,0
2166,0
4613,1
3083,1
-1679,1
3174,0
4649,1
-1254,0
-3780,0
-701,1
-1889,1
3583,1
-238,0
2087,1
-362,0
-2687,1
-1608,0
3474,0
626,0
1021,1
-575,1
-4686,0
1342,0
-576,0
-1272,0
-2075,1
-3692,0
1407,1
-3358,0
-3727,1
2579,1
473,1
-4544,0
2225,1
-2873,1
2229,1
-322,0
4886,0
4183,1
2054,0
114,0
-2671,1
1110,0
4876,0
-23,1
-1853,1
-497,1
4418,0
4808,0
-3604,0
-3950,0
2004,0
-915,1
-3368,0
1554,0
-2097,1
-2771,1
-4206,0
-4231,1
4109,1
1229,1
4103,1
-932,0
-2280,0
-189,1
4146,0
4654,0
-4610,0
4614,0
-4786,0
2886,0
941,1
-3726,0
-1376,0
2190,0
-4271,1
-234,0
-3603,1
3474,0
1421,1
-792,0
90,0
1034,0
-1790,0
-1413,1
4710,0
3252,0
-2929,1
3400,0
-2376,0
0,0
4743,1
-4607,1
1058,0
431,1
2443,1
-2322,0
2557,1
-2836,0
-3964,0
1420,0
4887,1
-4833,1
2734,0
-2791,1
-1032,0
2903,1
1480,0
-3140,0
3635,1
-2397,1
-2744,0
1704,0
4166,0
1800,0
2430,0
-2790,0
2597,1
1934,0
-2265,1
1282,0
-3743,1
2993,1
-1172,0
3611,1
-1994,0
-2953,1
3486,0
1111,1
-478,0
3233,1
-2308,0
2272,0
3582,0
1150,0
249,1
4468,0
4260,0
3484,0
400,0
1347,1
4235,1
381,1
2887,1
-3499,1
2278,0
-4696,0
-3619,1
2898,0
602,0
-4209,1
-2857,1
-1306,0
2519,1
-1296,0
4424,0
-3832,0
-4497,1
-2083,1
115,1
1455,1
-3042,0
4625,1
-3556,0
1944,0
4257,1
-1715,1
-3688,0
-3460,0
-4329,1
-2477,1
-3213,1
3929,1
3149,1
3112,0
1666,0
683,1
-451,1
-4218,0
-2599,1
427,1
2424,0
-2602,0
-4347,1
3913,1
-3625,1
3533,1
-286,0
-4807,1
-4695,1
-2843,1
2937,1
1489,1
-4420,0
-3775,1
-4333,1
-3230,0
4342,0
3280,0
526,0
3187,1
4312,0
-792,0
-2599,1
-4589,1
-2857,1
-1841,1
39,1
-208,0
-2001,1
-468,0
-388,0
1714,0
1615,1
-1877,1
844,0
-4947,1
-580,0
579,1
3581,1
-4898,0
1564,0
4222,0
1905,1
-3457,1
3547,1
-2932,0
3850,0
-625,1
-3770,0
1263,1
-3480,0
-3873,1
-4873,1
4482,0
-4540,0
-412,0
-609,1
-2395,1
-1637,1
2810,0
-1367,1
309,1
2313,1
-2277,1
3875,1
1251,1
-490,0
4921,1
4227,1
-3774,0
3788,0
3997,1
2504,0
3634,0
4336,0
-2063,1
-4217,1
4730,0
-4731,1
1429,1
-2677,1
95,1
2796,0
2389,1
409,1
3541,1
-119,1
3052,0
-2753,1
-2506,0
962,0
-3974,0
-261,1
2283,1
-1514,0
-2281,1
-2498,0
-1293,1
4762,0
2036,0
-1616,0
1925,1
-330,0
391,1
-1208,0
1060,0
-3512,0
-3008,0
-1058,0
-192,0
-4195,1
2670,0
2678,0
1147,1
1126,0
-3256,0
1222,0
-2240,0
-2485,1
-2428,0
2524,0
3061,1
801,1
3350,0
797,1
-1322,0
-3991,1
-3005,1
480,0
-1799,1
2463,1
-2181,1
-1906,0
4799,1
3580,0
4649,1
4221,1
-3801,1
1786,0
232,0
4828,0
-2189,1
-1433,1
-1135,1
-1196,0
-839,1
86,0
-4025,1
2665,1
-1325,1
1648,0
1861,1
-4873,1
-949,1
-4365,1
2039,1
3772,0
4464,0
2904,0
4224,0
1059,1
-4878,0
-1079,1
-4927,1
-4136,0
912,0
-2122,0
212,0
-335,1
-1745,1
642,0
860,0
1244,0
-4592,0
2264,0
1645,1
-3490,0
-1848,0
-3048,0
2206,0
2513,1
4402,0
980,0
593,1
-2661,1
1602,0
-2215,1
4406,0
-50,0
4757,1
-2938,0
-2360,0
-3299,1
4461,1
1690,0
2242,0
1118,0
-3506,0
-2157,1
-3022,0
-3689,1
-1315,1
-79,1
3363,1
-2365,1
1938,0
-4763,1
315,1
-4015,1
1385,1
1307,1
-3816,0
2234,0
3673,1
82,0
2952,0
-4585,1
2452,0
-1643,1
3307,1
-719,1
2220,0
-4081,1
-1595,1
2295,1
565,1
-1847,1
493,1
-2035,1
-4193,1
-4006,0
4609,1
1682,0
3924,0
-1521,1
3444,0
-1269,1
482,0
4533,1
-1678,0
-1638,0
-2414,0
-177,1
2296,0
3865,1
3880,0
-1680,0
1934,0
-4644,0
4226,0
4267,1
3988,0
4534,0
-2393,1
4560,0
1743,1
1060,0
-4668,0
2934,0
-1741,1
2459,1
-506,0
-1528,0
1639,1
-2211,1
1818,0
-3342,0
1068,0
-2328,0
91,1
-3148,0
4703,1
-4400,0
-406,0
-3939,1
1646,0
3352,0
3313,1
-1438,0
-146,0
-2813,1
-367,1
4458,0
170,0
-4923,1
1376,0
-837,1
239,1
-3751,1
-2234,0
-2623,1
915,1
856,0
1690,0
2174,0
2874,0
-4827,1
-2974,0
-2502,0
3185,1
1844,0
3469,1
-3687,1
-4723,1
2283,1
-3339,1
2526,0
1092,0
127,1
2261,1
2098,0
4303,1
4022,0
-1191,1
1021,1
3986,0
1823,1
-4498,0
-193,1
4764,0
417,1
-3878,0
-856,0
1376,0
396,0
4962,0
-1225,1
-913,1
-1289,1
-4701,1
-1362,0
-3112,0
2892,0
-2304,0
-1730,0
-894,0
2581,1
3271,1
1139,1
-928,0
4787,1
2411,1
-1529,1
-698,0
-2956,0
4398,0
-2804,0
-2924,0
-3794,0
-870,0
2264,0
4888,0
-4846,0
-1267,1
-913,1
-1826,0
-4170,0
739,1
3944,0
2431,1
-3776,0
-1047,1
4058,0
-43,1
3934,0
-1284,0
4806,0
1167,1
2815,1
-4669,1
-3614,0
2943,1
-2755,1
1469,1
-4792,0
-283,1
2555,1
3658,0
1949,1
3675,1
-937,1
-2023,1
-4861,1
3964,0
4924,0
-2164,0
800,0
151,1
1363,1
-3576,0
2997,1
2609,1
2893,1
3245,1
-3060,0
-948,0
1176,0
4619,1
-4187,1
-1926,0
-3033,1
4297,1
2157,1
-4250,0
-4972,0
4475,1
-1762,0
-4362,0
3425,1
-3942,0
4552,0
120,0
302,0
586,0
2173,1
1290,0
-1364,0
3765,1
3151,1
-4892,0
2623,1
806,0
704,0
-4892,0
-4450,0
-2546,0
2318,0
-4423,1
1424,0
-3837,1
700,0
2398,0
2708,0
-2655,1
6,0
2176,0
1956,0
-3534,0
-1671,1
-4649,1
-1476,0
-1964,0
3561,1
-1581,1
1260,0
1439,1
-482,0
-4032,0
-3398,0
422,0
1285,1
469,1
-3632,0
-489,1
-4481,1
4785,1
2559,1
212,0
-473,1
2508,0
1335,1
3707,1
-3212,0
-4213,1
3075,1
4139,1
4349,1
-4474,0
-159,1
2481,1
4544,0
3207,1
3140,0
-860,0
-2238,0
-3383,1
-1417,1
2737,1
4558,0
-288,0
-1562,0
4703,1
-3957,1
1005,1
-3630,0
1479,1
-2439,1
576,0
2434,0
4076,0
3511,1
3131,1
2002,0
4755,1
4641,1
1535,1
515,1
-1711,1
1170,0
-4439,1
277,1
-3559,1
844,0
2993,1
1853,1
3305,1
-1155,1
-1839,1
-2548,0
-1465,1
-524,0
3310,0
553,1
3271,1
1038,0
1894,0
-2018,0
-4751,1
3131,1
-4215,1
-2517,1
3715,1
-2110,0
-1925,1
2668,0
1525,1
1332,0
2635,1
-4161,1
3830,0
3130,0
1725,1
1401,1
4472,0
3598,0
116,0
2190,0
-2303,1
-252,0
-1434,0
1420,0
854,0
-1781,1
-2217,1
-295,1
2740,0
1335,1
3025,1
2577,1
-1699,1
-2569,1
-2789,1
1209,1
-427,1
-4690,0
3690,0
-3796,0
-869,1
3175,1
3371,1
-3144,0
-1589,1
1115,1
4136,0
-1987,1
4890,0
-45,1
4310,0
35,1
-1673,1
-3632,0
1160,0
914,0
3156,0
1122,0
-78,0
4700,0
-1355,1
-2978,0
-4384,0
3324,0
3994,0
-3499,1
313,1
961,1
1126,0
-4547,1
-3656,0
3391,1
-3974,0
-3810,0
-1476,0
2402,0
2151,1
1298,0
3802,0
-4172,0
2518,0
-2586,0
-4821,1
591,1
-3521,1
4845,1
-2674,0
2826,0
-4390,0
2642,0
2963,1
598,0
4329,1
-3360,0
-1347,1
3545,1
2231,1
3121,1
-862,0
-4789,1
-2327,1
-2085,1
4591,1
-1847,1
-3088,0
-1980,0
-1474,0
-2247,1
764,0
-1755,1
1229,1
1686,0
-1279,1
4690,0
-4337,1
-499,1
2806,0
1278,0
-2235,1
-3881,1
-1413,1
-3082,0
-1030,0
3716,0
-4314,0
-3120,0
-889,1
1060,0
2956,0
-4650,0
-1202,0
450,0
4577,1
-3141,1
3774,0
2788,0
4877,1
-2753,1
2782,0
1821,1
4274,0
1101,1
-2922,0
-2235,1
-1755,1
-935,1
-2430,0
2473,1
2984,0
-1444,0
4182,0
4373,1
690,0
2903,1
-2954,0
1926,0
1513,1
1639,1
-1192,0
-620,0
-2719,1
4031,1
908,0
-2878,0
3352,0
-3049,1
-4402,0
-1482,0
3335,1
-2454,0
-2166,0
4769,1
3196,0
105,1
4806,0
-4096,0
-2162,0
-3795,1
-3565,1
-3138,0
-4251,1
-1213,1
-630,0
2263,1
463,1
811,1
-3066,0
-4556,0
536,0
4248,0
-3871,1
-4403,1
-1663,1
4348,0
1337,1
2283,1
3592,0
691,1
4284,0
1265,1
1664,0
-2694,0
3413,1
-750,0
4099,1
-3237,1
-1325,1
475,1
-4112,0
541,1
1146,0
-2445,1
-4184,0
-1646,0
2143,1
-92,0
-4818,0
2746,0
1543,1
-4251,1
2911,1
128,0
737,1
129,1
-2900,0
4300,0
-1241,1
-432,0
849,1
-3405,1
-3597,1
2999,1
4457,1
-2719,1
-1361,1
662,0
4937,1
-3514,0
1318,0
4373,1
-1182,0
2899,1
-4307,1
2342,0
4034,0
-300,0
2680,0
-1180,0
983,1
4302,0
-549,1
-3276,0
-2515,1
2787,1
124,0
-4803,1
-579,1
3436,0
4750,0
-2931,1
-2767,1
1853,1
3944,0
2918,0
-4707,1
4237,1
-4272,0
1142,0
-3431,1
4531,1
4791,1
4960,0
-4699,1
1264,0
-2312,0
4742,0
-699,1
475,1
-2238,0
4752,0
-2461,1
-4202,0
-4383,1
1415,1
-3081,1
-4415,1
-460,0
-3978,0
-3671,1
2406,0
-4536,0
2567,1
3618,0
-2880,0
-2593,1
4836,0
-2955,1
4939,1
3281,1
-3603,1
570,0
-3695,1
-1967,1
-38,0
-1031,1
-2346,0
384,0
-4138,0
4116,0
2577,1
894,0
384,0
-2879,1
-4151,1
-4269,1
654,0
-1099,1
3220,0
3713,1
3833,1
4514,0
-4368,0
-1453,1
1478,0
-1169,1
4866,0
-3094,0
2265,1
2980,0
-231,1
-1701,1
3647,1
4529,1
970,0
512,0
-3155,1
-2809,1
1207,1
-1560,0
4706,0
3975,1
-1121,1
-2462,0
4471,1
-1939,1
-3228,0
813,1
-4953,1
733,1
-2332,0
-1584,0
-4453,1
887,1
-320,0
-2581,1
2452,0
3905,1
870,0
-4023,1
3645,1
-3876,0
2224,0
-2131,1
-2908,0
3403,1
3171,1
-3185,1
380,0
-1867,1
2461,1
2289,1
-1660,0
-1911,1
4887,1
-1921,1
1616,0
-3733,1
-2908,0
4237,1
294,0
4947,1
-3825,1
-3725,1
4889,1
3966,0
4027,1
1659,1
-2320,0
-2255,1
4638,0
-3291,1
4965,1
-4977,1
2170,0
-3492,0
-2167,1
-1502,0
-1019,1
170,0
-2210,0
2495,1
246,0
4411,1
-2811,1
-3178,0
-1964,0
4521,1
2802,0
1818,0
-601,1
3317,1
199,1
4540,0
-3436,0
271,1
3572,0
-2585,1
-422,0
1426,0
2178,0
-3374,0
1234,0
4736,0
-3524,0
-1407,1
921,1
-2454,0
-4745,1
2513,1
3602,0
-2809,1
4073,1
-3588,0
-3393,1
-3228,0
3135,1
2791,1
-4119,1
2208,0
1981,1
-4670,0
2970,0
1443,1
3188,0
1916,0
-1325,1
-1064,0
946,0
569,1
-842,0
1048,0
-2685,1
927,1
2288,0
1520,0
-2587,1
2355,1
-3136,0
-2460,0
880,0
1317,1
-4072,0
3197,1
527,1
-4957,1
4962,0
2116,0
-405,1
-4508,0
2772,0
4859,1
493,1
995,1
3696,0
2027,1
481,1
4185,1
-1094,0
-4872,0
3153,1
900,0
3973,1
-3713,1
2084,0
1428,0
-3680,0
3499,1
-3382,0
584,0
-3987,1
-1715,1
3527,1
4057,1
-1705,1
-493,1
-2069,1
3187,1
2219,1
-1692,0
3789,1
4536,0
394,0
-4631,1
-2312,0
3939,1
-4617,1
2055,1
-1118,0
3183,1
140,0
-1666,0
4142,0
-196,0
-1059,1
1828,0
-1060,0
-279,1
806,0
-3749,1
4293,1
-806,0
-539,1
-3187,1
-4872,0
-1122,0
1738,0
-3220,0
-3770,0
-1627,1
-2264,0
1025,1
4489,1
4032,0
2445,1
-482,0
1723,1
-1388,0
-2789,1
1607,1
-3898,0
-4523,1
2128,0
4828,0
1323,1
4602,0
516,0
1043,1
-1384,0
4593,1
-3282,0
4335,1
-1802,0
-2857,1
-2628,0
3042,0
2244,0
-4432,0
3820,0
-201,1
-2206,0
3388,0
-2780,0
1716,0
-4772,0
2375,1
4623,1
-1099,1
3275,1
3961,1
406,0
-17,1
-2188,0
-3472,0
1262,0
-4007,1
2056,0
3816,0
-1183,1
2664,0
-1779,1
-4009,1
4012,0
1174,0
3950,0
-1897,1
3696,0
4029,1
1445,1
-331,1
3484,0
-888,0
-28,0
-551,1
-1061,1
-695,1
3199,1
2287,1
3759,1
4091,1
644,0
-4823,1
1564,0
3607,1
1273,1
858,0
-1790,0
1065,1
2095,1
-1408,0
-71,1
2811,1
-770,0
-4572,0
-3287,1
-988,0
-1482,0
-96,0
-994,0
4367,1
4894,0
2196,0
1484,0
-2256,0
-3645,1
4000,0
4093,1
-2609,1
-744,0
4556,0
-2699,1
674,0
-1717,1
1762,0
-61,1
3552,0
1188,0
4017,1
-3061,1
-3300,0
1590,0
-4476,0
2501,1
3625,1
-334,0
1436,0
-3657,1
-1009,1
-2980,0
-3485,1
-2920,0
2539,1
925,1
-479,1
2572,0
-2701,1
201,1
3002,0
3214,0
-4885,1
1662,0
-1530,0
-4247,1
-1054,0
3699,1
-1546,0
2002,0
-1424,0
-1036,0
2768,0
3135,1
-2331,1
-2615,1
-4953,1
-1374,0
-76,0
2717,1
3651,1
1777,1
-3565,1
-4430,0
-4484,0
2230,0
-4145,1
1563,1
671,1
-2311,1
3996,0
1750,0
2248,0
3057,1
-2678,0
4935,1
-2968,0
-969,1
-2714,0
-1275,1
-3907,1
1897,1
-1945,1
-4676,0
-4181,1
-600,0
4061,1
3979,1
977,1
-3065,1
3331,1
198,0
4839,1
-2763,1
467,1
-403,1
-3074,0
-154,0
-2000,0
-3796,0
395,1
4234,0
-1540,0
-764,0
-677,1
-2887,1
-2569,1
-3316,0
-1481,1
2647,1
-4367,1
-2262,0
-4887,1
2537,1
-690,0
-2492,0
-2393,1
-2313,1
4711,1
-3929,1
-273,1
3032,0
-4967,1
3605,1
-3274,0
-1961,1
1130,0
327,1
3758,0
901,1
-1568,0
-3626,0
-1042,0
-2469,1
901,1
-707,1
-3500,0
62,0
-4741,1
4149,1
-2210,0
-3811,1
-1602,0
-2177,1
-1283,1
-2521,1
-3666,0
2961,1
695,1
-2969,1
807,1
-1820,0
808,0
-4490,0
-421,1
-4915,1
-2597,1
-1301,1
4035,1
452,0
-1783,1
2421,1
1589,1
3017,1
3204,0
795,1
162,0
-1422,0
-748,0
-2874,0
-613,1
1764,0
-2664,0
-18,0
2140,0
-2441,1
-3956,0
3183,1
4341,1
939,1
3442,0
-921,1
-1968,0
-2792,0
2482,0
-4550,0
1406,0
2023,1
-2448,0
589,1
4085,1
306,0
4025,1
951,1
-4672,0
-46,0
448,0
-713,1
4929,1
-2698,0
3667,1
-921,1
2865,1
2867,1
-1318,0
3463,1
-936,0
-214,0
4228,0
-2599,1
1065,1
2084,0
3057,1
-3444,0
1267,1
1685,1
-3873,1
-1001,1
-4571,1
-1957,1
-446,0
610,0
4914,0
-2319,1
1685,1
2330,0
1986,0
4450,0
-4163,1
2086,0
-2494,0
1911,1
-804,0
-2869,1
-2391,1
-4833,1
1913,1
4143,1
-2452,0
4470,0
2241,1
-1409,1
-1714,0
-2261,1
-3908,0
-1885,1
-4989,1
2807,1
2082,0
359,1
-1782,0
4334,0
-2410,0
-2057,1
-4869,1
4004,0
-1770,0
4981,1
4378,0
367,1
1973,1
3767,1
-1484,0
-1538,0
460,0
-466,0
480,0
-4413,1
3266,0
-1015,1
-4153,1
3573,1
-3534,0
-2459,1
629,1
1794,0
-3644,0
-300,0
2981,1
-3620,0
-3175,1
3365,1
3763,1
-2836,0
1693,1
-144,0
901,1
-4983,1
4546,0
-590,0
-761,1
-2935,1
-4244,0
2062,0
-4433,1
1472,0
3428,0
822,0
3932,0
-3966,0
1313,1
3125,1
-3531,1
2285,1
-4537,1
-2114,0
81,1
4694,0
2285,1
-4101,1
-4415,1
-1668,0
-637,1
998,0
1582,0
-2341,1
1607,1
-3412,0
1121,1
-3157,1
2778,0
-4391,1
4778,0
2062,0
-3300,0
-4866,0
4564,0
-1005,1
-3722,0
733,1
786,0
-3122,0
-4625,1
1313,1
2512,0
-487,1
4559,1
-3351,1
4665,1
-4822,0
-3326,0
-284,0
1394,0
2579,1
4947,1
-14,0
3189,1
-3695,1
3512,0
-4468,0
4977,1
-555,1
-2913,1
4180,0
-4778,0
-1477,1
3458,0
3319,1
95,1
-2470,0
-4561,1
-128,0
-160,0
-4432,0
-2359,1
-768,0
-2724,0
2788,0
4996,0
-4114,0
3382,0
-1913,1
3934,0
-245,1
-4495,1
1187,1
-1072,0
2646,0
4427,1
-3846,0
-3222,0
-1125,1
-4055,1
-2014,0
-3145,1
212,0
-1851,1
-3113,1
-172,0
-2096,0
-3018,0
-199,1
-4591,1
1393,1
-4918,0
4576,0
3130,0
-3650,0
-4917,1
-951,1
-4716,0
-4083,1
1933,1
1061,1
-2442,0
-1639,1
-4260,0
-1024,0
2844,0
-4488,0
4346,0
-50,0
1718,0
4281,1
-2286,0
551,1
4132,0
4590,0
852,0
4146,0
-4828,0
-1310,0
-2252,0
-4838,0
-2663,1
4652,0
-684,0
4128,0
2852,0
-254,0
3908,0
-3779,1
3639,1
-1412,0
4842,0
-878,0
3439,1
895,1
3731,1
3213,1
-2169,1
-1828,0
-845,1
1247,1
-578,0
-4590,0
-3354,0
1261,1
-2309,1
564,0
671,1
534,0
-1602,0
-807,1
4855,1
-4842,0
-2878,0
2057,1
1071,1
136,0
1443,1
4540,0
-553,1
-4547,1
1851,1
-974,0
284,0
-3670,0
-929,1
-2750,0
-1225,1
-973,1
3499,1
954,0
2224,0
2379,1
-1190,0
-4468,0
1316,0
978,0
2980,0
51,1
4808,0
3742,0
-863,1
4777,1
-4315,1
4067,1
-4048,0
474,0
3369,1
4404,0
159,1
-1488,0
31,1
-2100,0
-4792,0
-4011,1
-1752,0
-3216,0
324,0
-187,1
-184,0
-2879,1
-4492,0
-315,1
-2599,1
-4330,0
-118,0
2714,0
-2664,0
3817,1
-2801,1
1362,0
4901,1
4499,1
-2836,0
-2691,1
3799,1
1340,0
-3428,0
897,1
1994,0
-3435,1
276,0
48,0
-2337,1
-2695,1
2883,1
1346,0
-4783,1
1996,0
-532,0
-1314,0
2340,0
3814,0
2469,1
-4718,0
1990,0
2464,0
555,1
3086,0
-4586,0
-2082,0
580,0
-2645,1
321,1
4334,0
-3410,0
-4805,1
-3778,0
4329,1
3680,0
-4833,1
2784,0
-1632,0
-1300,0
-2359,1
-3743,1
3904,0
-3352,0
-1812,0
-1983,1
-576,0
-1220,0
1881,1
-1073,1
-4445,1
4638,0
2359,1
447,1
2184,0
4380,0
-4730,0
-3202,0
-689,1
-2579,1
-4915,1
3722,0
3497,1
-729,1
-1628,0
4885,1
-4082,0
3387,1
-1681,1
-2660,0
-3905,1
1952,0
-2403,1
347,1
4199,1
110,0
-1193,1
-3845,1
-288,0
-3388,0
-763,1
1802,0
921,1
4915,1
-2555,1
1237,1
-1161,1
2514,0
-2528,0
-249,1
-4989,1
-2702,0
-3385,1
-2907,1
-1245,1
4128,0
-2619,1
49,1
-4075,1
-1988,0
-3019,1
3592,0
2114,0
-4699,1
-4481,1
-4199,1
1150,0
311,1
1955,1
-2704,0
-277,1
-3770,0
-761,1
-301,1
1169,1
4911,1
79,1
-3231,1
4452,0
1015,1
-1743,1
-424,0
-4325,1
3107,1
-3124,0
1777,1
-100,0
3208,0
-1896,0
-363,1
4365,1
4203,1
4192,0
2456,0
2104,0
-3399,1
-2577,1
4340,0
3326,0
4521,1
-4897,1
-3329,1
-4948,0
2402,0
583,1
1393,1
4844,0
4722,0
3693,1
1708,0
4923,1
-542,0
4193,1
-501,1
-2394,0
-3188,0
220,0
4869,1
-2101,1
-3711,1
3866,0
-1062,0
3413,1
-2222,0
-1535,1
-330,0
925,1
-1702,0
667,1
4150,0
1201,1
-3342,0
3883,1
-1938,0
-1129,1
3527,1
-195,1
3586,0
2664,0
-23,1
-1816,0
694,0
618,0
-1612,0
-3978,0
4542,0
-1668,0
319,1
-419,1
1385,1
3381,1
2095,1
-4523,1
-4463,1
-3643,1
-3680,0
-4101,1
4532,0
1384,0
-4888,0
32,0
-4672,0
-17,1
1138,0
394,0
-3141,1
4833,1
3011,1
4307,1
3873,1
2954,0
119,1
-3026,0
-521,1
-368,0
-4187,1
3193,1
889,1
396,0
-1144,0
984,0
4571,1
4435,1
3968,0
-2107,1
2760,0
-3870,0
-4570,0
-1878,0
4168,0
-960,0
1610,0
1434,0
2364,0
-3709,1
3556,0
-885,1
-406,0
-358,0
936,0
1335,1
477,1
-1826,0
-3433,1
4943,1
-13,1
822,0
-4770,0
1215,1
3563,1
675,1
514,0
-3422,0
-3816,0
-1113,1
4148,0
635,1
-4345,1
-3443,1
2146,0
776,0
4662,0
2240,0
4884,0
2598,0
4145,1
1338,0
-4205,1
-4434,0
2264,0
3853,1
-1626,0
1345,1
-224,0
45,1
-1367,1
537,1
4954,0
-2385,1
3051,1
4745,1
-3733,1
-2056,0
-2867,1
3635,1
3646,0
-2877,1
1287,1
2392,0
713,1
-3308,0
-4259,1
-56,0
2360,0
479,1
2470,0
-2722,0
-2845,1
3824,0
-396,0
-2756,0
-559,1
-1682,0
-658,0
-3325,1
-1862,0
-3331,1
-132,0
4270,0
-1988,0
897,1
-1960,0
344,0
-2581,1
335,1
2277,1
-2625,1
4223,1
1892,0
-59,1
153,1
-4723,1
-3319,1
-4283,1
4386,0
4589,1
2713,1
312,0
3593,1
-2677,1
-3894,0
3916,0
-1200,0
1790,0
-289,1
-4378,0
4749,1
-3588,0
-4955,1
2639,1
320,0
-2835,1
-2633,1
221,1
2703,1
4638,0
3589,1
-3180,0
-217,1
803,1
-2100,0
2364,0
-4481,1
-3461,1
-3732,0
-1818,0
4250,0
-1348,0
-3231,1
2804,0
1319,1
-4256,0
-2982,0
1111,1
-2542,0
4639,1
-2815,1
3865,1
-1325,1
-257,1
3116,0
4430,0
1662,0
-4078,0
2932,0
-477,1
2152,0
-4309,1
-1968,0
-4452,0
2698,0
-2705,1
-1240,0
3509,1
4220,0
1514,0
-3240,0
-4830,0
1188,0
-1570,0
2546,0
-4977,1
-1058,0
-3155,1
-474,0
4864,0
-4746,0
-4374,0
-3301,1
-4933,1
-1816,0
372,0
-2340,0
3591,1
-1931,1
1012,0
-4806,0
4575,1
2183,1
533,1
109,1
919,1
3661,1
3786,0
394,0
-1375,1
1475,1
-4662,0
4171,1
308,0
-550,0
3286,0
1490,0
180,0
3945,1
4451,1
2014,0
-540,0
2806,0
1693,1
-1739,1
260,0
-1376,0
-2256,0
3273,1
-4006,0
2324,0
-1143,1
-4950,0
1874,0
-3086,0
3929,1
1127,1
-920,0
-1844,0
-1506,0
35,1
-2280,0
951,1
-1679,1
-905,1
-4918,0
-206,0
-613,1
1035,1
4922,0
38,0
-3964,0
-3648,0
-750,0
2531,1
2047,1
-2079,1
-4564,0
1768,0
3885,1
-2211,1
1322,0
-4643,1
115,1
-1689,1
4115,1
4311,1
-4711,1
-1108,0
3116,0
-3625,1
2934,0
2505,1
3329,1
988,0
2440,0
3829,1
1473,1
4902,0
-2461,1
2768,0
-3275,1
-3461,1
1932,0
974,0
-2314,0
1011,1
2957,1
-4233,1
-2721,1
278,0
1418,0
4514,0
-2302,0
-4027,1
-1677,1
-266,0
3827,1
2143,1
3615,1
2742,0
-283,1
-1243,1
-459,1
2713,1
-2237,1
498,0
-2182,0
-4803,1
4540,0
1389,1
-3089,1
-780,0
-2413,1
2608,0
2392,0
2200,0
-1466,0
1093,1
2039,1
4638,0
393,1
-4949,1
-1675,1
-1837,1
1060,0
345,1
1095,1
-497,1
-3658,0
4860,0
2434,0
-797,1
3836,0
4313,1
-2400,0
4043,1
-4230,0
-2077,1
2581,1
3434,0
1935,1
156,0
3933,1
-2856,0
-2177,1
-1142,0
342,0
-397,1
3877,1
-2997,1
4989,1
-2476,0
403,1
-286,0
651,1
4204,0
-833,1
1066,0
-4572,0
2503,1
937,1
-2567,1
-2359,1
3368,0
3977,1
2235,1
1760,0
-3491,1
-2960,0
36,0
-4135,1
1925,1
-1729,1
-1428,0
2801,1
-2015,1
-4304,0
-413,1
3912,0
-3442,0
935,1
-4652,0
-355,1
-387,1
-2849,1
-793,1
-3606,0
-1455,1
-1767,1
-1404,0
-2238,0
-2986,0
-2485,1
-3016,0
-2354,0
4008,0
-46,0
-2202,0
-4967,1
-1032,0
3682,0
4716,0
3746,0
2650,0
-84,0
1488,0
-2387,1
-4364,0
1347,1
3578,0
-3738,0
968,0
439,1
392,0
1033,1
207,1
329,1
-4143,1
3474,0
4244,0
-3250,0
3666,0
2074,0
-3651,1
2659,1
4908,0
3044,0
-3750,0
-3788,0
3459,1
-4295,1
-3535,1
4516,0
2829,1
1082,0
-619,1
2048,0
2085,1
1363,1
-2630,0
4719,1
2971,1
4971,1
-3390,0
31,1
-1409,1
-2051,1
-2340,0
-4134,0
12,0
-4792,0
-4185,1
-1870,0
-1033,1
-4859,1
-809,1
-1405,1
1886,0
-2138,0
4493,1
-2362,0
-2927,1
-825,1
-3387,1
555,1
123,1
3352,0
2815,1
3225,1
56,0
1835,1
2910,0
-1341,1
458,0
3552,0
3195,1
-1538,0
526,0
-2185,1
2129,1
3109,1
-4391,1
2093,1
1184,0
4331,1
1086,0
-1608,0
211,1
415,1
-1454,0
130,0
-1398,0
-484,0
-4995,1
-1613,1
-317,1
-238,0
-2769,1
4721,1
759,1
6,0
2385,1
4954,0
-952,0
-1772,0
1641,1
4434,0
-2379,1
3809,1
489,1
-3973,1
3271,1
198,0
-2329,1
978,0
1559,1
-1026,0
1700,0
-2512,0
3152,0
-3660,0
-2737,1
-4573,1
4594,0
-547,1
-4050,0
2429,1
-2568,0
-631,1
-3541,1
-1168,0
-1763,1
-4042,0
-2135,1
-3150,0
-3558,0
3740,0
-2649,1
1152,0
-4592,0
-1925,1
2735,1
2869,1
1379,1
1918,0
-2464,0
-1932,0
-4644,0
-4706,0
4302,0
3416,0
3192,0
4971,1
1089,1
2994,0
3572,0
3411,1
-3462,0
3608,0
4962,0
-2680,0
-2122,0
-1702,0
-1227,1
-2235,1
-3733,1
1341,1
1508,0
-1691,1
-4064,0
429,1
-3409,1
3950,0
2550,0
3653,1
-2935,1
-4969,1
-3974,0
-3336,0
4074,0
-566,0
310,0
4013,1
3101,1
-3859,1
-3732,0
1687,1
1018,0
-2213,1
2227,1
-2585,1
-2615,1
1542,0
-2964,0
-4950,0
-266,0
4078,0
260,0
2800,0
2362,0
1023,1
4387,1
-4732,0
-498,0
-2930,0
-734,0
1315,1
-259,1
-1789,1
3905,1
-1447,1
1642,0
3409,1
2898,0
-4400,0
-1662,0
872,0
2465,1
-2653,1
-3537,1
-1347,1
940,0
3261,1
-887,1
4750,0
2763,1
4733,1
-2854,0
1718,0
1620,0
-4569,1
3344,0
-2660,0
-3081,1
-1852,0
-456,0
-1596,0
4273,1
4256,0
-2844,0
430,0
1817,1
-1157,1
-222,0
4769,1
4133,1
1027,1
-797,1
674,0
-3886,0
779,1
-2091,1
1304,0
4717,1
4270,0
-1956,0
-4123,1
4255,1
4166,0
-3032,0
2709,1
-713,1
4167,1
821,1
4270,0
-234,0
985,1
-1862,0
-3534,0
-4754,0
-4012,0
-3072,0
3910,0
-4948,0
-4579,1
-1103,1
2998,0
-4068,0
-158,0
-3485,1
3340,0
-2528,0
-416,0
2898,0
3189,1
2476,0
4975,1
1449,1
4372,0
3644,0
2066,0
-3889,1
4078,0
4887,1
2952,0
330,0
4964,0
349,1
-1956,0
4187,1
4328,0
775,1
-4513,1
-1410,0
4933,1
2178,0
148,0
-1234,0
2891,1
-2210,0
2887,1
-4050,0
2889,1
-1455,1
1290,0
-2126,0
1369,1
-1730,0
2262,0
-1935,1
1378,0
-3327,1
4711,1
2073,1
-4390,0
4753,1
-233,1
226,0
3412,0
-851,1
4134,0
-1841,1
-443,1
-1795,1
-4180,0
-1721,1
1963,1
-1827,1
-4335,1
2481,1
-1208,0
-1650,0
-1888,0
-2892,0
-4452,0
-696,0
258,0
1568,0
-867,1
2817,1
-4280,0
1583,1
852,0
4078,0
3003,1
3161,1
-3916,0
-1828,0
-2981,1
-4037,1
2279,1
12,0
-3219,1
4736,0
4965,1
191,1
-3637,1
-3237,1
-1104,0
-3125,1
-2422,0
-4640,0
559,1
-3725,1
-2654,0
-4504,0
-317,1
1816,0
959,1
3697,1
-3904,0
770,0
1133,1
2697,1
4071,1
-3443,1
-51,1
-416,0
-514,0
4303,1
-1262,0
2310,0
2733,1
-4717,1
-305,1
1440,0
4358,0
1022,0
-1462,0
1043,1
3290,0
3473,1
-4259,1
-1199,1
-3800,0
-3440,0
903,1
2428,0
1474,0
2435,1
869,1
-4206,0
225,1
2187,1
-1246,0
-2470,0
3239,1
4904,0
780,0
-1872,0
1754,0
-1784,0
807,1
-2249,1
-671,1
4817,1
3909,1
4948,0
-4020,0
1460,0
-1831,1
-113,1
-992,0
-1932,0
20,0
3257,1
-1534,0
4489,1
11,1
-2878,0
4325,1
2756,0
-4283,1
1504,0
1631,1
-3869,1
1248,0
-2371,1
952,0
-2518,0
179,1
12,0
1558,0
2141,1
694,0
-1158,0
1806,0
624,0
-3447,1
3963,1
1127,1
-2302,0
-1111,1
-448,0
-1041,1
-2695,1
1766,0
-1527,1
-4257,1
407,1
1160,0
-4246,0
-4752,0
4361,1
1581,1
2523,1
-1019,1
-2795,1
2244,0
4772,0
-3309,1
1294,0
929,1
-3841,1
703,1
-2647,1
-4000,0
-1207,1
2972,0
-2834,0
36,0
674,0
854,0
434,0
-675,1
523,1
-899,1
505,1
745,1
3754,0
3776,0
2755,1
-4848,0
672,0
-3408,0
-1183,1
2410,0
-4298,0
-2366,0
3602,0
-1919,1
261,1
3630,0
2366,0
3711,1
1813,1
-2156,0
-2854,0
-2374,0
-3439,1
2153,1
-1285,1
-1231,1
4644,0
1762,0
533,1
-2708,0
-2381,1
-350,0
4926,0
-4998,0
-3419,1
4708,0
-1603,1
-2283,1
1529,1
2782,0
-1375,1
-4184,0
-1688,0
-1929,1
-999,1
240,0
3759,1
3726,0
1592,0
-2613,1
-822,0
2834,0
-934,0
3754,0
-1634,0
2751,1
-4333,1
-2067,1
-2263,1
-2883,1
1182,0
-434,0
3684,0
-1674,0
428,0
4790,0
-1188,0
-4035,1
428,0
4103,1
-1312,0
-4820,0
-653,1
-2152,0
-2300,0
4324,0
-4475,1
13,1
-927,1
1688,0
-2024,0
-2778,0
-3980,0
-1880,0
-3603,1
3932,0
1523,1
-4838,0
3395,1
2893,1
2400,0
1554,0
911,1
76,0
4713,1
-2267,1
-4906,0
-1652,0
-4044,0
1347,1
4305,1
-4167,1
427,1
2283,1
-1534,0
1495,1
2723,1
-4126,0
4514,0
-2000,0
2399,1
-4621,1
-3631,1
1902,0
851,1
-849,1
-4332,0
-627,1
1372,0
4976,0
4932,0
-1650,0
-4125,1
-2828,0
-4174,0
-3144,0
-3558,0
-2544,0
-4018,0
-4328,0
-4862,0
-4892,0
2446,0
1610,0
-76,0
-383,1
-580,0
4392,0
4529,1
1376,0
-46,0
1435,1
4650,0
1642,0
-3578,0
-4894,0
-4792,0
-3967,1
1326,0
1503,1
-292,0
4352,0
4893,1
3465,1
-3320,0
351,1
936,0
-2840,0
-2953,1
-1177,1
4207,1
-1642,0
1841,1
3214,0
1899,1
3578,0
-1508,0
3853,1
3851,1
-3437,1
-3147,1
1000,0
-1517,1
4680,0
-2342,0
3590,0
-1188,0
-4749,1
-3252,0
-1896,0
-1608,0
-2753,1
2679,1
-1374,0
-2826,0
-4278,0
4188,0
3249,1
389,1
-348,0
4,0
1075,1
-2002,0
-1471,1
4432,0
-3960,0
-183,1
4406,0
4806,0
2670,0
1160,0
-4380,0
-4485,1
162,0
3698,0
3200,0
-2365,1
-2055,1
1793,1
-4922,0
259,1
-315,1
-1376,0
-371,1
3242,0
3644,0
-2926,0
-1603,1
2414,0
-1389,1
-2620,0
3698,0
-2431,1
543,1
4724,0
-1765,1
-911,1
-1264,0
825,1
-4512,0
3026,0
1685,1
2008,0
378,0
4739,1
2839,1
-1874,0
-2795,1
3299,1
-4681,1
-67,1
1323,1
-113,1
-3611,1
1510,0
2083,1
4029,1
-3256,0
-2741,1
3590,0
-1177,1
913,1
1194,0
725,1
-4496,0
-1242,0
105,1
-4292,0
-2753,1
2560,0
362,0
3542,0
2213,1
-1426,0
-1241,1
4463,1
-3509,1
1012,0
4988,0
1906,0
4875,1
-4970,0
-3246,0
2876,0
-915,1
837,1
2647,1
-616,0
-3866,0
-4129,1
-4199,1
2260,0
1093,1
-785,1
2643,1
-4417,1
2631,1
-1055,1
-4707,1
2523,1
4791,1
-2000,0
-2057,1
3563,1
4503,1
-4961,1
-2816,0
1272,0
-3451,1
-3826,0
-2305,1
-1297,1
-4631,1
-4392,0
-3918,0
-4014,0
-502,0
-1803,1
-1616,0
-2946,0
-4417,1
3440,0
-1691,1
-1004,0
2863,1
-639,1
-1373,1
-3027,1
2080,0
-667,1
691,1
2040,0
3263,1
-2785,1
3031,1
647,1
-601,1
2815,1
3037,1
2300,0
-1874,0
2059,1
-4576,0
-1554,0
4653,1
-70,0
391,1
601,1
-1325,1
-4320,0
830,0
-3622,0
144,0
2796,0
3633,1
-1705,1
-1131,1
253,1
457,1
-1578,0
-2270,0
4201,1
-1996,0
326,0
-4534,0
1049,1
17,1
-4641,1
-4035,1
4507,1
1144,0
-1919,1
2264,0
-2527,1
673,1
-45,1
-2625,1
3758,0
-2691,1
-609,1
3181,1
-2368,0
4184,0
-3116,0
3859,1
-4610,0
-3887,1
1831,1
1773,1
2877,1
-3845,1
-3263,1
-1417,1
-1742,0
-4638,0
670,0
-4859,1
2870,0
-4871,1
-4326,0
-3579,1
3040,0
-3270,0
-1312,0
4682,0
3039,1
4076,0
-553,1
786,0
3482,0
2261,1
1329,1
-877,1
3415,1
-1650,0
-1449,1
-4957,1
4189,1
-4281,1
2273,1
-437,1
-4053,1
-1465,1
3402,0
-1900,0
-1647,1
-3563,1
-2492,0
4801,1
539,1
-1066,0
-2220,0
2774,0
4002,0
1625,1
-3385,1
2778,0
4643,1
4060,0
-3575,1
-2764,0
703,1
2423,1
-2183,1
-2350,0
-2893,1
1383,1
502,0
-1019,1
-2999,1
-4419,1
2143,1
-4174,0
-2743,1
-4104,0
-4738,0
1024,0
1987,1
3317,1
2716,0
3116,0
-1864,0
2940,0
1931,1
-1314,0
3735,1
-1058,0
-1664,0
3095,1
-3598,0
1019,1
4375,1
-3810,0
839,1
-3778,0
-2460,0
-820,0
-2811,1
-4845,1
-2823,1
4891,1
-2725,1
-1530,0
2330,0
-4949,1
2115,1
2447,1
-2584,0
1539,1
1414,0
-1686,0
-2474,0
1372,0
1326,0
-4689,1
-2763,1
1167,1
-960,0
-2446,0
-56,0
-4644,0
-4334,0
-4355,1
3587,1
-1441,1
-1936,0
-2009,1
-3597,1
2767,1
1387,1
3885,1
1270,0
-2044,0
2856,0
536,0
-1325,1
3742,0
330,0
-4341,1
-2200,0
-2377,1
3064,0
-4925,1
4520,0
4065,1
-1629,1
1833,1
934,0
1792,0
3168,0
-926,0
-2984,0
208,0
-4293,1
-4301,1
-28,0
612,0
3920,0
3183,1
4361,1
1126,0
-4840,0
-1793,1
2412,0
3767,1
-1038,0
-1540,0
-675,1
1887,1
-3343,1
-2911,1
-1258,0
-4642,0
-1529,1
-4575,1
-1777,1
3235,1
2144,0
-48,0
-1773,1
3445,1
-1101,1
-3647,1
3852,0
4391,1
-3632,0
-2582,0
-3879,1
3097,1
-1873,1
-4518,0
2599,1
511,1
148,0
4370,0
-4410,0
-2526,0
273,1
280,0
2466,0
-532,0
1779,1
-228,0
-3629,1
-2482,0
-103,1
146,0
2173,1
-2933,1
4081,1
-4199,1
2820,0
2986,0
-1043,1
2318,0
-3488,0
2877,1
1167,1
2874,0
2138,0
3641,1
2167,1
3747,1
-3039,1
4389,1
-2383,1
3301,1
414,0
2838,0
-3977,1
4191,1
-2988,0
4940,0
-2240,0
1985,1
-3089,1
2129,1
-539,1
-2221,1
4250,0
619,1
290,0
-2090,0
-1132,0
-1658,0
2646,0
-709,1
-2135,1
64,0
3288,0
-3775,1
-2804,0
4253,1
-3886,0
1694,0
-89,1
3508,0
-4805,1
399,1
-12,0
-1188,0
-713,1
-2961,1
-1901,1
-3028,0
-3736,0
2418,0
3520,0
-1054,0
4926,0
-1010,0
4413,1
3527,1
3226,0
-811,1
-4130,0
804,0
-1520,0
-2445,1
923,1
-3315,1
795,1
